City,Country,Lat,Lng,Temperature (F),Humidity (%),Cloudiness (%),Wind Speed (mph)
tete,mz,-16.16,33.59,82.4,42,0,4.7
vaini,to,-21.2,-175.2,69.8,64,75,4.7
saint george,bm,32.38,-64.68,86.32,70,20,14.99
arraial do cabo,br,-22.97,-42.02,72.54,68,40,11.41
bredasdorp,za,-34.53,20.04,55.15,66,50,10.29
katsuura,jp,33.93,134.5,70.52,88,75,1.12
kapaa,us,22.08,-159.32,82.83,70,40,18.34
ribeira grande,pt,38.52,-28.7,73.4,94,75,10.29
clyde river,ca,70.47,-68.59,44.6,87,75,12.75
georgetown,sh,-7.93,-14.42,74.17,81,33,13.94
rikitea,pf,-23.12,-134.97,68.77,63,6,11.18
luganville,vu,-15.51,167.18,71.6,100,75,2.24
butaritari,ki,3.07,172.79,84.97,69,100,9.46
castro,cl,-42.48,-73.76,46.4,65,40,17.22
fairbanks,us,64.84,-147.72,49.75,81,1,3.36
eufaula,us,31.89,-85.15,82.13,83,90,5.82
ixtapa,mx,20.71,-105.21,87.08,66,75,9.17
qaanaaq,gl,77.48,-69.36,35.11,94,100,7.58
amapa,br,-1.83,-56.23,99.73,24,25,6.62
ushuaia,ar,-54.81,-68.31,41.81,81,75,5.82
saskylakh,ru,71.97,114.09,58.87,69,97,11.54
hilo,us,19.71,-155.08,73.35,88,90,4.7
kyabe,td,9.45,18.94,72.01,95,80,2.17
fayaoue,nc,-20.65,166.53,71.47,76,26,17.4
chuy,uy,-33.69,-53.46,58.87,89,100,3.76
marawi,sd,18.48,31.82,102.25,12,0,9.53
san patricio,mx,19.22,-104.7,91.4,66,75,11.41
narsipatnam,in,17.67,82.61,84.2,79,75,9.17
alta floresta,br,-9.87,-56.08,96.67,24,62,2.24
bambous virieux,mu,-20.34,57.76,71.26,60,75,11.41
sherwood,us,34.82,-92.22,87.49,70,40,11.41
jamestown,sh,-15.94,-5.72,67.15,82,56,21.45
lompoc,us,34.64,-120.46,74.08,64,1,12.75
ust-maya,ru,60.42,134.54,49.51,83,1,5.46
sabzevar,ir,36.21,57.68,69.49,23,0,14.74
waingapu,id,-9.65,120.26,65.17,92,17,5.39
port lincoln,au,-34.72,135.86,54.91,65,1,9.95
sinnamary,gf,5.38,-52.96,82.99,76,0,22.03
punta arenas,cl,-53.16,-70.91,41.59,60,40,32.21
east london,za,-33.02,27.91,60.8,82,40,11.41
pevek,ru,69.7,170.27,40.15,97,99,12.46
port alfred,za,-33.59,26.89,63,75,92,5.99
upernavik,gl,72.79,-56.15,40.15,61,100,6.13
gamba,ga,-2.72,10.02,71.83,89,58,6.04
chicama,pe,-7.84,-79.15,66.2,72,0,10.29
ruwi,om,23.6,58.55,86,84,0,4.7
mar del plata,ar,-46.43,-67.52,51.13,20,20,35.66
pochutla,mx,15.74,-96.47,85.39,78,75,3.98
busselton,au,-33.64,115.35,40.3,62,31,11.32
cayenne,gf,4.94,-52.33,89.6,62,0,10.29
atuona,pf,-9.8,-139.03,79.03,72,26,18.72
kodiak,us,39.95,-94.76,70.52,94,90,11.41
saint-francois,gp,16.25,-61.27,87.8,62,75,13.87
deputatskiy,ru,69.3,139.9,42.49,94,69,3.65
karratha,au,-20.74,116.85,55.63,82,58,2.44
kirakira,sb,-10.46,161.92,73.99,90,100,3.62
hobart,au,-42.88,147.33,50.25,66,75,5.82
wanning,cn,18.8,110.4,75.25,94,100,2.71
new norfolk,au,-42.78,147.06,50.25,66,75,5.82
torbay,ca,47.66,-52.73,70.72,43,20,8.05
tungor,ru,53.39,142.95,54.19,93,0,12.1
albany,au,-35.02,117.88,42.8,93,61,3.36
kavieng,pg,-2.57,150.8,83.35,68,50,1.68
tasiilaq,gl,65.61,-37.64,44.6,81,75,8.05
estreito,br,-22.44,-42.8,71.15,60,40,10.29
severo-kurilsk,ru,50.68,156.12,47.71,97,100,1.36
pacific grove,us,36.62,-121.92,77.59,72,1,6.93
grand gaube,mu,-20.01,57.66,71.29,60,75,11.41
port-gentil,ga,-0.72,8.78,77,88,40,9.17
aykhal,ru,65.95,111.51,59,44,40,4.47
sola,vu,-13.88,167.55,78.67,84,89,20.22
tual,id,-5.67,132.75,77.05,80,69,18.23
yellowknife,ca,62.45,-114.38,59,62,75,13.87
tignere,cm,7.37,12.65,68.05,94,50,2.06
thompson,ca,55.74,-97.86,50,100,90,14.99
narsaq,gl,60.91,-46.05,57.2,33,40,4.7
cockburn town,tc,21.46,-71.14,82.81,82,59,14.23
khatanga,ru,71.98,102.47,55.45,82,100,5.86
sherlovaya gora,ru,50.53,116.31,48.07,92,21,3.83
meulaboh,id,4.14,96.13,81.19,79,100,5.84
port hedland,au,-20.31,118.58,60.8,100,40,9.17
vilhena,br,-12.74,-60.15,87.8,48,75,8.05
hampton,ca,45.53,-65.84,65.37,63,90,6.93
yeniseysk,ru,58.45,92.17,50.05,94,75,3.29
mayo,ca,63.59,-135.9,51.8,57,90,2.24
kamenka,ru,53.19,44.05,64,54,2,4.9
vanavara,ru,60.35,102.28,45.55,93,12,4.36
saldanha,za,-33.01,17.94,55.4,66,21,2.24
vaitape,pf,-16.52,-151.75,77.95,77,52,14.83
suez,eg,29.97,32.54,81.55,52,0,13.96
ponta do sol,cv,17.2,-25.09,84.2,70,40,6.93
nalut,ly,31.86,10.98,85.15,29,0,21.3
atar,mr,20.52,-13.05,95.95,33,44,13.38
caravelas,br,-17.73,-39.27,74.53,70,50,11.45
nikolskoye,ru,59.7,30.79,63.59,82,75,8.95
penzance,gb,50.12,-5.53,60.93,93,34,8.05
saint-philippe,re,-21.36,55.77,65.34,60,75,11.41
dikson,ru,73.51,80.55,41.77,96,100,10.58
isangel,vu,-19.55,169.27,68,88,20,10.42
cape canaveral,us,28.41,-80.6,89.85,79,1,11.41
inirida,co,3.87,-67.92,88.57,56,94,1.95
sayansk,ru,54.11,102.18,48.97,92,3,1.99
springbok,za,-29.67,17.88,50.77,72,0,17.85
omboue,ga,-1.57,9.26,72.91,91,28,13.4
sivaki,ru,52.63,126.75,57.79,96,100,4.92
brumunddal,no,60.89,10.94,61.77,85,100,1.99
yarmouth,ca,43.84,-66.12,66.36,60,75,11.41
williams lake,ca,52.13,-122.14,55.4,54,20,3.36
high level,ca,58.52,-117.13,59,77,75,4.7
ndele,cf,8.41,20.65,71.83,97,100,0.94
aden,ye,12.79,45.03,92.71,41,19,5.39
avarua,ck,-21.21,-159.78,71.6,83,98,5.82
tuktoyaktuk,ca,69.44,-133.03,46.4,93,90,8.05
carnarvon,au,-24.87,113.63,57.2,62,0,8.05
pokrovo-prigorodnoye,ru,52.68,41.42,59.23,63,0,3.27
skjervoy,no,70.03,20.97,50,100,75,2.24
margate,za,-30.86,30.37,61.57,80,81,3.24
macapa,br,0.05,-51.07,91.4,55,20,12.75
barrow,us,39.51,-90.4,79.32,78,75,9.17
roald,no,62.58,6.12,69.1,56,20,26.4
port elizabeth,za,-33.92,25.57,60.8,63,75,19.46
kahului,us,20.89,-156.47,74.79,88,75,6.93
ibaiti,br,-23.85,-50.19,77,61,3,5.01
mahibadhoo,mv,3.78,72.97,82.27,78,99,6.53
maroantsetra,mg,-15.43,49.74,62.65,99,70,2.17
nanortalik,gl,60.14,-45.24,46.99,55,1,6.24
sibolga,id,1.74,98.78,82.09,74,99,4.29
hermanus,za,-34.42,19.24,53.35,72,92,5.01
bluff,nz,-46.6,168.33,37.99,88,100,5.01
bathsheba,bb,13.22,-59.52,77,88,75,23.04
north bend,us,43.41,-124.22,73.87,63,1,21.92
sao filipe,cv,14.9,-24.5,80.65,72,24,8.63
recea,ro,45.73,24.94,64.06,82,20,3.36
cape town,za,-33.93,18.42,52.14,71,20,3.36
talnakh,ru,69.49,88.39,50,100,90,13.42
faanui,pf,-16.48,-151.75,77.95,77,52,14.83
port-de-bouc,fr,43.4,4.98,78.37,69,0,5.82
souillac,mu,-20.52,57.52,71.24,60,75,11.41
chokurdakh,ru,70.62,147.9,40.69,88,100,10.29
henties bay,na,-22.12,14.28,57.99,85,0,5.99
hobyo,so,5.35,48.53,76.87,78,100,26.69
benghazi,ly,32.12,20.07,81.37,76,0,13.18
lagoa,pt,37.14,-8.45,77.94,73,20,12.75
przasnysz,pl,53.02,20.88,72.21,64,0,3.36
sarangani,ph,5.4,125.46,82.99,75,100,14.94
naze,jp,28.37,129.48,82.4,88,75,4.7
nieuw nickerie,sr,5.94,-56.99,86.59,59,40,3.29
puerto ayora,ec,-0.74,-90.35,76.59,57,20,18.34
pingliang,cn,35.54,106.68,51.85,87,45,2.33
nuuk,gl,64.17,-51.74,51.37,50,75,4.7
hounde,bf,11.5,-3.52,77.05,90,90,3.02
lazaro cardenas,mx,28.39,-105.62,91.4,31,20,9.17
prince rupert,ca,54.32,-130.32,57.2,93,90,8.05
hasaki,jp,35.73,140.83,71.38,94,75,4.7
upata,ve,8.02,-62.41,93,46,4,1.99
coquimbo,cl,-29.95,-71.34,68,52,0,13.87
nyimba,zm,-14.56,30.81,79.93,42,50,5.12
victoria,sc,-4.62,55.45,78.8,78,40,12.75
provideniya,ru,64.42,-173.23,49.15,93,100,5.61
cherdyn,ru,60.4,56.48,41.23,82,60,1.83
morehead,pg,-8.71,141.64,69.31,94,78,5.35
foam lake,ca,51.65,-103.53,63.37,68,17,17.02
mwandiga,tz,-4.84,29.66,75.2,53,20,5.77
sao felix do xingu,br,-6.64,-51.99,94.69,27,41,4.36
falmouth,jm,18.49,-77.66,89.6,62,20,25.28
berlevag,no,70.86,29.09,49.96,87,75,6.93
santa rosa,bo,-20.7,-64.83,65.89,9,0,2.26
luderitz,na,-26.65,15.16,60.8,67,0,25.28
tiksi,ru,71.64,128.87,43.03,94,100,7.54
dire,ml,12.28,-10.97,75.25,91,100,3.53
taoudenni,ml,22.68,-3.98,102.25,22,55,11.41
sisimiut,gl,66.94,-53.67,44.11,75,66,1.19
nsanje,mw,-16.92,35.26,77.95,39,0,7.94
esperance,au,-33.86,121.89,44.6,87,0,13.87
gari,ru,59.43,62.35,44.83,93,98,7.65
yulara,au,-25.24,130.99,51.8,43,0,8.05
siguiri,gn,11.42,-9.17,75.79,92,86,5.44
santa rita,ve,10.21,-67.56,86.23,49,0,5.93
wanaka,nz,-44.7,169.14,27.19,88,29,5.57
birao,cf,10.3,22.78,74.89,86,53,6.8
paamiut,gl,61.99,-49.67,42.31,81,100,24.92
zhigansk,ru,66.77,123.37,61.75,53,99,6.53
puerto escondido,mx,15.86,-97.07,87.8,79,75,5.82
luleburgaz,tr,41.4,27.36,73.15,88,0,14.99
craig,us,40.52,-107.55,75.67,14,1,11.41
mount gambier,au,-37.83,140.78,41,100,75,9.17
sorong,id,-0.86,131.25,74.53,88,89,8.68
palauig,ph,15.44,119.9,83.35,80,97,11.48
ilulissat,gl,69.22,-51.1,42.8,60,20,5.82
novocheremshansk,ru,54.35,50.17,51.85,81,81,3.76
usinsk,ru,66,57.56,37.45,78,73,4.61
turukhansk,ru,65.8,87.96,47.53,94,100,11.92
havoysund,no,71,24.66,50,93,75,18.34
magadan,ru,59.56,150.8,51.13,88,89,2.84
muros,es,42.77,-9.06,69.46,83,20,11.41
keti bandar,pk,24.14,67.45,80.65,79,83,15.26
bogorodskoye,ru,52.37,140.44,52.39,95,5,6.87
auch,fr,43.65,0.59,79.97,48,0,3.36
vestmanna,fo,62.16,-7.17,51.8,100,91,14.99
turkmenabat,tm,39.09,63.58,78.8,9,0,11.41
gwadar,pk,25.12,62.33,81.55,83,17,4.05
sandpoint,us,48.28,-116.55,72.1,34,1,4.7
maliq,al,40.71,20.7,71.6,35,40,5.82
indramayu,id,-4.05,103.78,68.95,84,98,2.44
pombas,cv,17.15,-25.02,84.2,70,40,6.93
chara,ru,56.9,118.26,41.23,88,34,2.21
palmer,us,61.6,-149.11,58.05,66,40,5.82
promyshlennyy,ru,67.58,63.92,36.01,89,69,2.55
egvekinot,ru,66.32,-179.17,49.15,92,61,6.17
hirara,jp,24.8,125.28,82.63,81,2,11.92
eirunepe,br,-6.66,-69.87,92.17,42,62,2.84
notre-dame-du-lac,ca,47.61,-68.8,73,52,1,3.36
idah,ng,7.11,6.73,75.25,92,23,5.97
karatuzskoye,ru,53.61,92.87,53.11,88,0,3.6
aquiraz,br,-3.9,-38.39,84.2,62,0,16.11
sangar,ru,63.92,127.47,48.79,82,78,3.11
lebu,cl,-37.62,-73.65,52.93,84,83,6.51
ust-kuyga,ru,70,135.55,48.25,83,90,3.04
yerbogachen,ru,61.28,108.01,53.83,89,61,5.5
bandar-e lengeh,ir,26.56,54.88,91.4,55,0,8.03
xucheng,cn,33,118.51,76.87,97,55,9.69
cherskiy,ru,68.75,161.3,44.47,85,83,1.66
hithadhoo,mv,-0.6,73.08,82.63,74,87,7.61
mitzic,ga,0.78,11.55,70.03,95,87,3.58
micheweni,tz,-4.97,39.83,77.41,79,0,13.67
linjiang,cn,41.81,126.91,57.43,96,97,1.72
alofi,nu,-19.06,-169.92,71.6,83,90,13.87
orange cove,us,36.62,-119.31,92.43,40,76,4.7
lianzhou,cn,24.79,112.38,66.25,98,38,1.16
ambilobe,mg,-13.19,49.05,73.63,63,57,14.52
fuerte olimpo,py,-21.04,-57.87,97.75,16,81,3.58
mweka,cd,-4.85,21.56,78.31,54,31,2.42
vangaindrano,mg,-23.35,47.6,65.89,82,40,3.85
kozmodemyansk,ru,56.33,46.55,53.6,81,20,8.95
anshun,cn,26.25,105.93,64.99,86,22,3.44
teya,ru,60.37,92.63,45.55,90,50,2.93
alenquer,br,-1.95,-54.74,89.6,59,20,9.17
tarauaca,br,-8.16,-70.77,95.95,34,15,3.04
punta alta,ar,-27.46,-55.82,68.9,77,75,3.36
smidovich,ru,48.6,133.81,55.99,95,0,5.28
ponta delgada,pt,37.73,-25.67,71.26,78,75,6.93
harrismith,za,-28.27,29.13,54.91,16,34,7.74
tonekabon,ir,36.82,50.88,79.63,74,40,11.41
leuna,de,51.32,12.02,76.66,57,20,9.17
changping,cn,40.22,116.23,69.71,100,0,2.24
athabasca,ca,54.72,-113.29,57.61,57,6,14.32
rosario,ar,-32.96,-60.66,73.54,64,75,6.93
pyshchug,ru,58.89,45.71,54.55,95,100,9.75
ancud,cl,-41.87,-73.83,48.2,66,75,9.17
vardo,no,70.37,31.11,46.9,81,75,5.82
nirmal,in,19.09,78.35,73.45,91,100,6.85
salisbury,ca,46.03,-65.04,65.07,59,90,6.93
cancun,mx,21.17,-86.85,89.28,62,75,16.11
revda,ru,67.94,34.55,46.63,97,100,5.57
kopavogur,is,64.11,-21.91,51.13,87,90,17.22
bethel,us,60.79,-161.76,54.18,66,75,4.7
oriximina,br,-1.77,-55.87,95.77,35,29,8.57
troitsko-pechorsk,ru,62.71,56.19,42.85,74,72,3.67
san rafael,ar,-34.61,-68.33,74.53,23,27,13.8
hanover,us,45.16,-93.67,64.54,88,90,9.04
mirnyy,ru,56.57,36.46,60.49,80,100,7.54
constitucion,mx,23.99,-104.67,76.69,50,40,2.24
barinas,ve,8.64,-70.23,84.25,72,30,2.19
varena,lt,54.21,24.57,64.4,77,0,2.24
dvubratskiy,ru,45.26,39.79,76.6,53,0,8.95
thinadhoo,mv,0.53,72.93,82.63,73,81,6.24
bainbridge,us,30.9,-84.58,85.66,70,75,12.75
cidreira,br,-30.17,-50.22,72.01,50,48,3.44
haines junction,ca,60.75,-137.51,41.77,76,100,5.46
port augusta,au,-32.49,137.76,36.09,93,0,2.24
luanda,ao,-8.83,13.24,71.6,94,40,5.82
ngaoundere,cm,7.32,13.58,65.53,95,48,1.7
pouebo,nc,-20.4,164.57,59.59,92,24,3.06
kidal,ml,18.44,1.41,89.65,44,73,7.43
puerto leguizamo,co,-0.19,-74.78,83.17,83,9,2.44
hue,vn,16.47,107.58,80.6,94,40,2.24
hamilton,us,46.25,-114.15,69.21,32,75,5.82
maningrida,au,-12.05,134.23,60.67,95,33,6.22
akhty,ru,41.46,47.74,49.51,94,95,3.65
nobeoka,jp,32.66,131.66,69.01,93,100,2.39
mahebourg,mu,-20.41,57.7,71.24,60,75,11.41
san juan,us,26.19,-98.16,98.98,42,1,11.41
valley city,us,46.92,-98,70.43,73,75,17.22
serra,br,-20.13,-40.31,67.68,77,90,13.87
bacolod,ph,10.68,122.95,79.39,83,100,12.39
andra,ru,62.52,65.89,44.65,76,100,10.11
lowestoft,gb,52.48,1.75,72.48,57,0,8.05
norton shores,us,43.17,-86.26,70.92,60,90,17.22
mamallapuram,in,12.63,80.17,85.33,79,40,6.93
belmonte,br,-26.84,-53.58,80.11,34,71,3.74
touho,nc,-20.78,165.23,58.33,94,11,1.9
baoqing,cn,46.32,132.2,56.53,95,39,7.25
falam,mm,22.91,93.68,64.63,99,54,1.52
qaqortoq,gl,60.72,-46.03,57.2,33,40,4.7
cabo san lucas,mx,22.89,-109.91,91.2,66,75,17.22
hofn,is,64.25,-15.21,51.8,87,90,25.28
klaksvik,fo,62.23,-6.59,51.8,100,87,14.99
saint-louis,sn,16.03,-16.5,86,74,75,6.93
bahia blanca,ar,-38.72,-62.27,70.75,50,100,9.86
san jeronimo,mx,29.37,-110.79,95.32,47,5,5.82
morondava,mg,-20.3,44.28,75.79,74,0,17.34
kudat,my,6.89,116.84,75.2,94,75,6.93
najran,sa,17.54,44.22,87.8,15,40,6.93
huarmey,pe,-10.07,-78.15,59.05,89,84,10.71
moerai,pf,-22.43,-151.33,73.99,84,0,10.07
yining,cn,29.04,114.56,75.07,81,11,1.97
quatre cocos,mu,-20.21,57.76,71.28,60,75,11.41
nishihara,jp,35.74,139.53,73.87,88,40,4.7
dubbo,au,-32.25,148.6,30.2,74,35,4.7
mana,gf,5.67,-53.78,93.79,41,2,4.61
ipilan,ph,8.84,117.9,81.91,82,98,9.42
ikongo,mg,-21.88,47.44,57.07,95,27,2.55
tautira,pf,-17.73,-149.15,78.33,74,20,3.36
madison,us,43.07,-89.38,66.81,88,90,5.82
shimoda,jp,34.7,138.93,70.09,92,22,6.31
beroroha,mg,-21.68,45.17,64.99,70,0,4.5
wyndham,nz,-46.33,168.85,37.99,88,87,5.01
longyearbyen,sj,78.22,15.64,39.2,69,20,6.93
kaitangata,nz,-46.28,169.85,39,75,37,1.99
emilio carranza,mx,19.97,-96.61,91.81,51,91,3.85
praia da vitoria,pt,38.73,-27.07,73.4,73,75,3.67
motala,se,58.54,15.04,65.7,82,9,1.97
bonavista,ca,48.65,-53.11,63,79,0,8.61
daru,pg,-9.07,143.21,72.55,86,88,7.14
liberal,us,37.04,-100.92,87.58,49,1,20.8
sambava,mg,-14.27,50.17,64.27,96,52,3.11
johvi,ee,59.36,27.41,64.27,81,80,15.05
hami,cn,42.84,93.51,76.33,21,0,5.75
gardenstown,gb,57.67,-2.34,64.13,72,0,11.41
bridlington,gb,54.08,-0.19,72.77,53,0,3.36
padang,id,-0.92,100.36,80.29,85,92,13.6
vao,nc,-22.67,167.48,69.31,76,80,15.43
lorengau,pg,-2.02,147.27,78.13,86,97,6.62
yeppoon,au,-23.13,150.74,55.4,87,40,0.85
lichinga,mz,-13.3,35.25,68,56,0,4.7
guerrero negro,mx,27.97,-114.04,72.01,91,0,5.91
te anau,nz,-45.41,167.72,38.71,87,65,6.2
bone,id,-2.49,120.3,56.53,98,67,1.7
petropavlovsk-kamchatskiy,ru,53.05,158.65,51.8,100,75,2.24
sakaiminato,jp,35.55,133.23,71.6,94,75,1.12
anadyr,ru,64.73,177.51,53.26,76,0,6.71
yashan,cn,30.81,118.02,82.09,71,99,2.53
clarksburg,us,39.28,-80.34,77.36,41,1,5.82
port hardy,ca,50.7,-127.42,55.4,87,75,4.7
korla,cn,41.76,86.15,68.56,95,0,1.99
san cristobal,ec,-1.02,-79.44,89.47,50,49,3
pidhorodne,ua,48.57,35.1,68,49,0,11.18
tuatapere,nz,-46.13,167.69,37.99,88,100,5.01
ingham,au,-18.65,146.16,59.23,97,34,1.23
noumea,nc,-22.28,166.46,67.05,82,75,4.7
benjamin constant,br,-4.38,-70.03,88.68,55,40,6.93
porto novo,cv,17.02,-25.06,84.2,70,40,6.93
black diamond,ca,50.69,-114.23,59.07,47,75,10.29
mastic beach,us,40.77,-72.85,71.73,60,75,6.93
emirdag,tr,39.02,31.15,72.25,40,0,4.7
iqaluit,ca,63.75,-68.52,49.01,93,90,4.21
aksarka,ru,66.56,67.8,41.23,76,99,6.62
utrecht,za,-27.66,30.32,57.43,15,0,5.59
verkhnevilyuysk,ru,63.45,120.31,59.05,68,80,1.86
marfino,ru,56.07,37.56,64.56,72,0,11.18
norman wells,ca,65.28,-126.83,53.6,76,75,5.82
den helder,nl,52.96,4.76,75.78,78,0,9.17
kiama,au,-34.67,150.86,51.73,93,90,4.7
meadow lake,ca,54.13,-108.44,57.2,82,90,11.41
bilma,ne,18.69,12.92,94.87,30,27,4.74
juxtlahuaca,mx,17.43,-99.15,74.71,76,99,1.52
svetlogorsk,ru,53.14,59.15,46.4,70,75,6.71
catemaco,mx,18.42,-95.11,97.45,50,40,8.05
tayoltita,mx,24.11,-105.93,81.19,62,33,5.86
tommot,ru,58.97,126.27,46.63,93,0,1.52
guayaramerin,bo,-10.82,-65.36,89.6,52,0,5.82
dagatan,ph,13.74,121.2,75.99,92,99,4
somerset east,za,-32.72,25.59,51.31,77,17,14.81
port hawkesbury,ca,45.62,-61.36,63.25,59,1,11.41
praia,cv,14.92,-23.51,84.2,70,75,8.05
pinhao,br,-25.7,-51.66,77.77,33,48,3.58
aklavik,ca,68.22,-135.01,48.2,87,75,5.82
galle,lk,6.04,80.22,81.73,83,100,10.87
fortuna,us,40.6,-124.16,74.12,56,1,10.29
bundaberg,au,-24.87,152.35,54.82,100,90,3.36
altay,cn,47.83,88.13,51.31,38,0,5.39
eureka,us,40.8,-124.16,74.16,60,1,5.82
alice springs,au,-23.7,133.88,42.8,48,0,2.24
oranjemund,na,-28.55,16.43,56.17,82,0,21.83
sao miguel do araguaia,br,-13.28,-50.16,100.27,15,79,7.92
necochea,ar,-38.55,-58.74,63,70,64,1.99
barcelos,br,-0.97,-62.93,93.07,42,35,5.46
rawson,ar,-43.3,-65.11,58.51,31,65,24.74
costa rica,br,-22.06,-56.51,98.11,15,85,1.3
haimen,cn,31.87,121.18,85.71,52,100,1.86
benidorm,es,38.54,-0.13,77.77,78,75,10.29
zonguldak,tr,41.25,31.83,78.31,73,0,25.21
ust-tsilma,ru,65.44,52.15,46.27,68,98,6.49
komsomolskiy,ru,67.55,63.78,38.35,92,90,6.58
shieli,kz,44.18,66.74,81.73,19,3,8.39
vallenar,cl,-28.58,-70.76,83.71,18,0,10.33
acapulco,mx,16.86,-99.88,87.8,74,40,9.17
mitsamiouli,km,-11.38,43.28,77,73,20,9.17
kunming,cn,25.04,102.71,63.1,93,90,20.13
adrar,dz,27.87,-0.29,109.4,9,49,6.93
hendek,tr,40.8,30.75,74.91,94,40,1.12
ejura,gh,7.38,-1.37,77.77,85,58,4.27
great falls,us,47.5,-111.29,62.8,48,20,5.82
umm lajj,sa,25.02,37.27,88.39,66,36,14.07
helena,us,46.59,-112.04,67.98,25,90,9.17
podyuga,ru,61.09,40.86,50.95,96,67,6.49
tilichiki,ru,60.47,166.1,47.89,95,100,9.06
cabedelo,br,-6.97,-34.84,80.6,69,75,19.46
alamogordo,us,32.9,-105.96,89.65,13,1,5.82
kamina,cd,-8.74,25,78.49,37,94,1.25
iskateley,ru,67.68,53.15,39.43,80,96,4
kruisfontein,za,-34,24.73,54.37,72,78,17.94
tessalit,ml,20.2,1.01,93.43,36,57,7.45
rio gallegos,ar,-51.62,-69.22,46.4,36,40,32.21
mushie,cd,-3.02,16.92,82.27,53,64,2.68
amnat charoen,th,15.86,104.63,74.17,95,100,6.29
chernyshevskiy,ru,63.01,112.47,52.21,90,32,3.8
los llanos de aridane,es,28.66,-17.92,72.7,73,75,13.87
kingaroy,au,-26.54,151.84,44.6,93,75,3.47
leshukonskoye,ru,64.9,45.76,49.33,99,100,5.21
krasnogorskiy,ru,55.39,83.61,55.99,89,0,7.38
porto walter,br,-8.27,-72.74,95.77,38,17,1.12
kokino,ru,53.16,34.12,59.59,82,1,3.02
tezpur,in,26.62,92.79,85.87,73,9,6.6
zambezi,zm,-13.55,23.12,76.69,26,79,2.01
uige,ao,-7.61,15.06,77.59,48,83,4.63
ushtobe,kz,45.25,77.98,76.33,23,0,6.98
bell ville,ar,-32.63,-62.69,73.99,64,68,14
farafangana,mg,-22.82,47.83,64.99,83,31,2.44
tirodi,in,21.68,79.73,72.19,97,98,7.27
manokwari,id,-0.87,134.08,72.91,81,54,5.35
dossor,kz,47.52,52.98,72.73,29,17,16.4
caborca,mx,30.58,-111.1,95,49,92,1.99
matay,eg,28.42,30.79,89.11,22,0,8.3
tarrega,es,41.65,1.14,76.78,44,20,5.82
upington,za,-28.46,21.24,66.2,19,0,1.12
akdepe,tm,42.05,59.39,73.42,43,0,4.7
belinskiy,ru,52.97,43.41,57.79,68,0,3.18
yar-sale,ru,66.83,70.83,39.25,71,100,4.83
mizdah,ly,31.45,12.98,82.63,30,0,16.64
bria,cf,6.54,21.99,70.39,96,98,1.72
mandalgovi,mn,45.76,106.27,50.23,74,0,4.43
dawson creek,ca,55.76,-120.23,57.9,54,20,11.41
kapit,my,2.02,112.94,73.09,96,100,1.03
oistins,bb,13.07,-59.53,77,88,75,23.04
sao joao da barra,br,-21.64,-41.05,72.21,60,75,11.41
lufilufi,ws,-13.87,-171.6,75,88,55,5.01
kununurra,au,-15.77,128.74,60.8,82,6,7.54
shetpe,kz,44.14,52.16,75.43,40,81,11.52
tamale,gh,9.4,-0.84,80.47,77,43,4.72
coihaique,cl,-45.58,-72.07,39.78,65,40,5.82
kamaishi,jp,39.28,141.86,55.99,98,54,1.14
margherita,in,27.29,95.67,79.75,94,44,1.77
syracuse,us,43.05,-76.15,74.98,33,1,5.82
trairi,br,-3.28,-39.27,94.33,25,0,10.76
hanmer springs,nz,-42.52,172.83,28.81,98,79,3.47
kalmunai,lk,7.42,81.82,79.21,65,98,1.21
chaman,pk,30.92,66.45,78.13,12,0,4.54
kuching,my,1.56,110.34,75.07,100,75,0.74
viedma,ar,-40.81,-62.99,50.41,88,100,9.8
alamosa,us,37.47,-105.87,81.66,14,1,6.93
xinzhi,cn,36.5,111.7,66.61,75,100,3
ayr,au,-19.58,147.4,55.99,85,21,1.5
dingle,ie,52.14,-10.27,60.8,87,40,4.7
matara,lk,5.95,80.54,76.87,91,100,4.99
vestmannaeyjar,is,63.44,-20.27,51.8,93,90,23.04
cudahy,us,33.96,-118.19,86.79,31,1,4.7
batagay,ru,67.65,134.64,45.73,92,3,2.1
sao sebastiao,br,-3.15,-58.36,91.4,59,20,6.93
seoul,kr,37.57,126.98,72.59,94,90,3.36
koplik,al,42.21,19.44,78.62,65,20,4.7
buta,cd,2.79,24.73,70.57,95,42,0.51
klyuchi,ru,52.25,79.17,70.93,46,40,14.83
sikonge,tz,-5.63,32.75,77,41,0,11.41
lavrentiya,ru,65.58,-170.99,52.03,81,99,7.47
richards bay,za,-28.77,32.06,68.95,83,0,5.97
koutsouras,gr,35.03,25.95,78.31,62,0,1.95
siwan,in,26.22,84.36,84.43,71,22,6.11
springfield,us,39.8,-89.64,78.04,78,90,19.46
san antonio,cl,-33.58,-71.61,71.55,55,0,10.29
salalah,om,17.01,54.1,80.6,88,75,6.93
killybegs,ie,54.63,-8.45,59,93,90,11.41
port blair,in,11.67,92.75,81.19,84,100,22.28
kokopo,pg,-4.34,152.27,69.49,95,97,3
nanga eboko,cm,4.68,12.37,70.75,92,38,2.17
half moon bay,us,37.46,-122.43,79.77,73,5,5.82
bijie,cn,27.3,105.3,63.73,90,57,2.19
zalantun,cn,48,122.72,52.03,92,21,4.16
binga,cd,0.52,29.32,65.35,96,84,2.33
kenai,us,60.55,-151.26,58.05,67,1,5.93
west richland,us,46.3,-119.35,76.62,29,1,3.36
luba,gq,3.46,8.55,77,88,20,5.82
maniwaki,ca,46.38,-75.98,78.67,40,0,4.47
machico,pt,32.7,-16.77,70.93,56,20,11.41
touros,br,-5.2,-35.46,82.4,61,40,14.99
qandala,so,11.47,49.87,87.67,63,67,5.55
tiarei,pf,-17.53,-149.33,78.35,74,20,3.36
ileza,ru,61.05,43.9,53.65,96,100,7.27
roebourne,au,-20.77,117.15,56.17,75,37,3.44
rockport,us,28.02,-97.05,92.5,66,1,16.11
stepnyak,kz,52.83,70.79,57.79,89,100,11.01
tabory,ru,64.46,39.75,51.8,93,90,8.95
blagoyevo,ru,63.37,47.92,48.79,99,100,5.08
leningradskiy,ru,69.38,178.42,45.73,99,100,11.68
vila velha,br,-3.71,-38.6,84.2,62,0,16.11
pilar,ph,14.67,120.55,76.57,100,20,4.7
yamada,jp,36.58,137.08,67.84,88,75,2.24
beringovskiy,ru,63.05,179.32,48.61,82,98,8.75
coahuayana,mx,18.62,-100.35,82.81,76,100,2.35
poya,nc,-21.35,165.16,67.51,75,0,5.66
thomasville,us,35.88,-80.08,75.76,60,90,8.05
pitimbu,br,-7.47,-34.81,80.6,69,75,19.46
poum,nc,-20.23,164.02,69.67,68,1,4.56
guamuchil,mx,25.47,-108.1,94.3,63,92,7.61
dubuque,us,42.5,-90.66,68.02,94,90,5.82
olkusz,pl,50.28,19.56,71.83,73,0,5.82
vila franca do campo,pt,37.72,-25.43,71.28,78,75,6.93
sur,om,22.57,59.53,84.61,53,24,7.74
bambanglipuro,id,-7.95,110.28,73.99,88,68,7.85
lewisporte,ca,49.25,-55.06,78.26,33,20,8.05
shenjiamen,cn,29.96,122.3,82.81,83,65,14.41
kodinar,in,20.79,70.7,77.23,86,100,2.84
nhulunbuy,au,-12.18,136.78,68,94,21,9.22
bima,id,-8.45,118.73,63.91,96,35,0.81
sao francisco,br,-25.65,-53.85,73.4,53,90,5.82
khash,ir,28.22,61.21,65.35,15,0,8.84
borogontsy,ru,62.67,131.17,50.05,63,2,4
grindavik,is,63.84,-22.43,51.8,100,90,16.11
buraydah,sa,26.33,43.97,95,20,0,2.24
tura,ru,64.27,100.22,49.69,88,96,3.89
machachi,ec,-0.51,-78.57,68,48,75,16.11
abalak,ne,15.46,6.28,86.59,49,85,6.42
moron,mn,47.38,110.32,49.51,68,0,14.05
pauini,br,-7.71,-67,95.23,38,68,1.66
batouri,cm,4.44,14.36,70.21,83,68,1.32
preobrazheniye,ru,42.9,133.91,60.67,99,90,1.72
male,mv,4.17,73.51,82.4,78,75,6.93
mandera,ke,3.94,41.87,83.53,34,42,11.95
romny,ru,50.73,129.29,57.61,94,100,8.7
rock sound,bs,24.9,-76.2,84.43,76,85,9.91
contai,in,21.78,87.75,81.37,83,28,8.63
san carlos de bariloche,ar,-41.13,-71.31,42.8,81,40,26.4
natal,br,-5.81,-35.21,82.4,58,75,20.8
goya,ar,-29.14,-59.27,80.65,55,0,8.5
papetoai,pf,-17.5,-149.87,78.35,74,20,3.36
matamoros,mx,25.53,-103.23,93.2,30,75,5.82
mago,ru,53.27,140.15,53.65,96,25,3.53
manono,cd,-7.3,27.4,81.01,39,27,3.15
okha,ru,53.59,142.95,54.19,93,0,12.1
san pedro,ar,-33.68,-59.66,67.69,78,83,9.1
skovorodino,ru,53.99,123.94,54.55,89,100,4.97
barra do garcas,br,-15.89,-52.26,95,32,0,6.93
seymchan,ru,62.93,152.39,48.79,93,65,7.99
abonnema,ng,4.71,6.79,76.15,86,100,10.54
srandakan,id,-7.94,110.25,73.99,88,68,7.85
nazca,pe,-14.83,-74.94,80.29,25,0,6.98
sinegorye,ru,62.09,150.53,51.13,74,100,2.82
praya,id,-8.71,116.27,73.4,88,40,11.99
namibe,ao,-15.19,12.15,68.23,85,2,8.95
jiexiu,cn,37.02,111.92,63.01,80,52,2.95
pyinmana,mm,19.74,96.21,73.63,97,100,6.53
gornopravdinsk,ru,60.06,69.92,55.09,99,100,5.08
kuytun,ru,54.34,101.51,49.87,91,0,3.94
dunedin,nz,-45.87,170.5,45,52,15,3
pisco,pe,-13.71,-76.2,66.65,30,90,8.05
jumla,np,29.28,82.18,52.93,92,7,3.6
pangai,to,-19.8,-174.35,73.4,60,75,11.41
ende,id,-8.84,121.65,75.25,77,34,4.43
biak,id,-0.91,122.88,59.23,97,78,4.94
vengerovo,ru,55.68,76.74,69.49,47,75,13
eregli,tr,37.51,34.05,76.69,37,35,1.81
miyako,jp,33.63,130.94,73.74,88,75,3.36
sitka,us,37.17,-99.65,92.53,44,6,25.99
salym,ru,60.06,71.48,54.91,98,99,4.65
salinopolis,br,-0.61,-47.36,81.55,77,58,21.21
boguchany,ru,58.38,97.46,46.27,93,54,1.81
volsk,ru,52.04,47.39,55.09,64,0,2.13
boca do acre,br,-8.76,-67.39,97.57,33,80,3
charters towers,au,-20.07,146.27,56.53,92,12,3.31
cap malheureux,mu,-19.98,57.61,71.29,60,75,11.41
qeshm,ir,26.96,56.27,88.68,84,0,6.93
kannangad,in,12.31,75.11,75.2,100,75,3.36
nantucket,us,41.28,-70.1,69.39,64,20,20.8
caucaia,br,-3.73,-38.66,84.2,62,0,16.11
aitape,pg,-3.15,142.36,77.05,79,100,4.21
bhaderwah,in,32.98,75.72,60.49,77,0,3.78
putina,pe,-14.91,-69.87,59,4,0,6.93
hovd,mn,48.01,91.64,54.73,37,0,2.95
port-cartier,ca,50.03,-66.88,69.62,60,75,9.17
severo-yeniseyskiy,ru,60.37,93.04,48.07,81,26,2.84
piacabucu,br,-10.41,-36.43,78.49,69,31,11.05
yermakovskoye,ru,53.28,92.4,55.99,82,18,2.91
nouadhibou,mr,20.93,-17.03,78.8,83,40,9.17
bom jardim,br,-7.8,-35.59,73.4,88,40,16.11
itarema,br,-2.92,-39.92,89.47,37,0,16.91
kimbe,pg,-5.56,150.15,72.55,94,69,1.9
mae sot,th,16.72,98.57,70.93,99,100,1.41
sechura,pe,-5.56,-80.82,60.67,92,8,14.7
camacha,pt,33.08,-16.33,72.61,73,75,10.29
guarapari,br,-20.67,-40.5,67.66,77,90,13.87
ahipara,nz,-35.17,173.16,44.01,100,73,13.76
flinders,au,-34.58,150.85,52.72,93,90,4.7
cedar city,us,37.68,-113.06,83.44,20,1,8.05
los cedrales,py,-25.66,-54.72,72.81,60,0,4.7
iracoubo,gf,5.48,-53.21,89.83,53,0,8.32
nago,jp,26.59,127.98,81.91,83,1,5.82
aizkraukle,lv,56.6,25.25,57.99,90,83,3.94
keetmanshoop,na,-26.57,18.15,73.4,11,0,5.82
tigil,ru,57.8,158.67,52.93,76,94,6.89
general roca,ar,-39.03,-67.58,60.8,41,40,3.36
encruzilhada do sul,br,-30.54,-52.52,61.93,88,100,5.06
maniitsoq,gl,65.42,-52.9,45.73,68,95,5.17
kysyl-syr,ru,63.9,122.77,54.37,80,65,3.2
san borja,bo,-14.86,-66.75,98.47,25,15,5.08
rio grande,br,-32.03,-52.1,66.87,72,0,6.93
knysna,za,-34.04,23.05,55.4,62,100,9.17
redmond,us,47.67,-122.12,69.51,49,1,9.17
noyabrsk,ru,63.2,75.45,44.29,77,91,12.8
viani,co,5.76,-73.99,81.37,55,88,4.09
namie,jp,37.52,140.86,66.24,59,0,1.95
alegrete,br,-29.79,-55.79,67.51,83,100,9.6
baruun-urt,mn,46.68,113.28,48.07,78,6,11.9
patrasaer,in,23.2,87.53,79.75,89,0,5.95
llangefni,gb,53.26,-4.31,63.45,72,31,8.05
mount pleasant,us,32.79,-79.86,84.49,58,75,3.36
mirador,br,-6.37,-44.36,95.05,22,0,10.98
ankazoabo,mg,-22.29,44.51,65.53,66,0,5.08
ouadda,cf,8.07,22.4,70.03,95,100,1.03
portland,au,-33.35,149.98,44.04,98,70,3.94
sungairaya,id,0.7,108.9,81.19,83,92,13.09
bowen,au,-20.01,148.25,57.88,93,10,6.93
uvalde,us,29.21,-99.79,98.29,47,1,10.29
sorland,no,67.67,12.69,57.2,93,75,9.17
marsh harbour,bs,26.54,-77.06,84.97,71,100,4.12
mumford,gh,5.26,-0.76,76.15,80,62,7.52
bundu,in,23.16,85.59,75.2,100,90,3.62
plettenberg bay,za,-34.05,23.37,55.27,69,100,7.58
tabas,ir,33.6,56.92,86,13,0,4.7
ostrovnoy,ru,68.05,39.51,43.21,90,96,12.88
marsa matruh,eg,31.35,27.25,82.4,78,0,6.93
hauterive,ca,49.18,-68.27,65.64,49,1,8.05
tarata,pe,-17.47,-70.03,69.8,49,0,8.05
taitung,tw,22.76,121.15,63.01,94,86,2.51
san carlos,ve,9.66,-68.59,83.35,79,76,3.47
campbell river,ca,50.02,-125.24,64.27,56,5,2.24
saint-pierre,pm,46.77,-56.17,64.17,63,0,6.93
makakilo city,us,21.35,-158.09,81.79,66,1,8.05
ossora,ru,59.24,163.07,48.79,97,100,5.28
kurilsk,ru,45.23,147.88,56.17,87,0,9.84
alexandria,eg,31.2,29.89,81.39,74,0,9.17
odessa,us,31.85,-102.37,108.72,8,1,10.29
saint-augustin,ca,45.63,-73.98,78.6,36,20,5.82
darovskoy,ru,58.77,47.96,53.47,95,100,10.22
manggar,id,-2.88,108.27,75.07,93,90,2.28
nova vicosa,br,-17.89,-39.37,74.53,70,50,11.45
mbandaka,cd,0.05,18.26,74.53,73,26,0.54
jinji,cn,22.16,112.49,77.23,93,92,4.54
khuzhir,ru,53.19,107.35,49.15,99,100,7.09
sosnovo,ru,60.56,30.25,62.31,92,100,8.01
aksay,kz,51.17,53.01,55.81,62,23,6.38
kinel-cherkassy,ru,53.47,51.47,51.13,83,51,3.27
mehamn,no,71.03,27.85,51.03,87,75,3.36
qinhuangdao,cn,39.94,119.59,67.33,92,85,2.86
vilyuysk,ru,63.75,121.63,54.19,74,47,3.49
parry sound,ca,45.34,-80.04,77.97,48,94,3
tocopilla,cl,-22.09,-70.2,57.07,87,35,3.13
bandarbeyla,so,9.49,50.81,77.41,73,55,23.2
biltine,td,14.53,20.93,79.21,73,83,9.31
dalianwan,cn,39.03,121.69,77,83,40,6.71
ishigaki,jp,24.34,124.16,82.63,82,7,10.94
miri,my,4.41,114.01,74.66,100,90,3.36
serebryansk,kz,49.68,83.3,57.61,68,0,4.59
broome,au,-17.97,122.23,57.2,100,75,1.12
mirpur khas,pk,25.53,69.01,85.51,66,89,17.69
cartagena,co,5.03,-75.64,79.52,57,40,6.93
la ronge,ca,55.1,-105.3,62.6,88,90,6.93
kayerkan,ru,69.35,87.76,50,100,90,13.42
ust-nera,ru,64.57,143.24,43.39,92,97,5.32
sungaipenuh,id,-2.08,101.38,73.09,98,94,1.9
evensk,ru,61.92,159.24,44.65,92,100,1.79
atambua,id,-9.11,124.89,73.99,77,0,9.78
darab,ir,28.75,54.55,69.49,7,0,13.18
ketchikan,us,55.34,-131.65,55.94,100,90,23.04
arman,ru,59.7,150.17,45.55,91,95,2.01
shache,cn,38.42,77.24,75.99,62,89,7.36
arys,kz,42.43,68.8,73.4,33,0,8.95
tiznit,ma,29.7,-9.73,67.15,87,91,17.09
nokaneng,bw,-19.66,22.19,68.95,16,0,3.13
nabire,id,-3.36,135.5,68.23,94,94,4.59
kayes,ml,14.44,-11.44,77,88,40,4.7
myskhako,ru,44.66,37.76,75.02,60,0,8.95
chapais,ca,49.78,-74.86,75.2,44,1,2.24
husavik,is,66.04,-17.34,60.8,63,75,24.16
panubigan,ph,7.13,122.25,78.8,88,90,10.29
verkhnyaya toyma,ru,62.24,45,51.67,98,100,4.14
paragominas,br,-3,-47.35,90.91,43,68,4.76
wajima,jp,37.4,136.9,75.79,72,67,11.92
fort nelson,ca,58.81,-122.69,60.8,59,20,5.82
bethanien,na,-26.5,17.16,57.79,21,0,6.96
vanimo,pg,-2.67,141.3,81.01,76,99,3.71
dongsheng,cn,29.72,112.52,79.03,86,48,1.05
kieta,pg,-6.22,155.63,77.95,83,100,3.65
frycovice,cz,49.67,18.22,63.59,93,0,2.24
cizre,tr,37.33,42.19,75.79,26,0,3.22
phalaborwa,za,-23.95,31.14,75.61,19,0,5.57
filadelfia,py,-22.35,-60.04,97.57,23,14,10.74
qingquan,cn,34.7,106,55.27,84,46,2.51
tanabe,jp,33.73,135.39,71.01,86,84,7.38
conde,br,-11.81,-37.61,79.21,58,10,9.82
pasinler,tr,39.98,41.67,59,77,40,4.7
nizhneangarsk,ru,55.78,109.57,45.91,93,97,6.85
bhadasar,in,28.3,74.31,93.61,47,87,14.34
da lat,vn,11.95,108.44,66.25,98,91,0.45
kudahuvadhoo,mv,2.67,72.89,82.81,76,64,7.09
miramar,mx,20.64,-103.45,79.93,57,75,6.93
chabahar,ir,25.29,60.65,82.63,78,47,6.71
ulladulla,au,-35.36,150.48,46.81,93,90,4.7
ussel,fr,45.55,2.31,75.99,65,89,2.86
kajaani,fi,64.22,27.73,57.2,76,0,9.17
hambantota,lk,6.12,81.12,77,100,20,4.7
chato,tz,-2.64,31.77,67.15,62,70,3.09
biloela,au,-24.4,150.51,57.61,73,67,2.77
inhambane,mz,-23.87,35.38,71.6,88,0,9.17
hualmay,pe,-11.1,-77.61,58.69,88,40,11.43
nyurba,ru,63.29,118.35,54.01,74,87,2.37
staryy nadym,ru,65.61,72.68,42.67,69,100,4.03
fort morgan,us,40.25,-103.8,75.38,31,1,4.7
trelew,ar,-43.25,-65.31,58.51,31,65,24.74
kingman,us,35.19,-114.05,99.48,19,1,6.93
araouane,ml,18.9,-3.53,93.79,38,92,9.8
aasiaat,gl,68.71,-52.87,39.43,65,2,10.18
ust-omchug,ru,61.13,149.63,46.09,88,100,3.69
adre,td,13.47,22.2,74.35,74,46,6.69
auki,sb,-8.77,160.7,79.75,84,100,13.65
lagos,pt,37.1,-8.67,77.95,73,20,12.75
waipawa,nz,-39.94,176.59,44.01,89,16,2.8
nadvoitsy,ru,63.89,34.27,53.83,88,59,8.48
innisfail,au,-17.52,146.03,62.47,95,10,4.25
stephenville,ca,48.55,-58.59,68,72,20,12.75
samarai,pg,-10.62,150.67,72.37,94,100,2.24
kimberley,ca,49.68,-115.98,66.2,32,20,5.82
homer,us,59.64,-151.54,56.43,71,40,4.7
tifton,us,31.45,-83.51,86,62,75,4.7
rudnyy,ru,44.28,134.96,52.75,96,0,2.86
torrington,us,42.06,-104.18,69.94,38,1,12.75
dalbandin,pk,28.9,64.41,85.87,9,33,17.09
northam,au,-31.65,116.67,53.6,58,0,12.75
rangapara,in,26.82,92.69,75.61,81,8,3.27
vostok,ru,46.45,135.83,52.57,87,0,3.91
okhotsk,ru,59.36,143.24,50.59,95,100,7.23
saint-joseph,re,-21.37,55.62,65.3,60,75,11.41
san nicola,it,40.61,8.99,78.82,78,0,5.82
misratah,ly,32.38,15.09,81.19,74,0,13.27
sao lourenco do sul,br,-31.37,-51.98,66.83,72,0,6.93
storforshei,no,66.4,14.52,53.1,93,75,1.12
uravakonda,in,14.95,77.26,77.05,70,82,14.34
verenchanka,ua,48.54,25.74,73.31,53,0,7.99
nenjiang,cn,49.17,125.23,60.31,99,100,10.38
caohai,cn,26.87,104.28,59.41,94,16,3.33
puerto el triunfo,sv,13.27,-88.55,92.28,59,20,3.36
ibra,om,22.69,58.55,86.41,33,55,5.23
labuhan,id,-2.54,115.51,73.27,92,85,2.39
simao,cn,22.76,100.79,66.97,97,90,0.47
kifri,iq,34.69,44.96,97.75,13,0,6.78
rochegda,ru,62.67,43.41,52.57,97,100,6.91
chaoyang,cn,41.58,120.44,59.41,85,0,3.22
ovre ardal,no,61.32,7.8,60.8,72,0,8.05
ambulu,id,-8.35,113.61,73.99,85,68,7.2
amboise,fr,47.41,0.98,84,30,0,4.7
bosaso,so,11.28,49.18,86.41,70,49,14.07
kutum,sd,14.2,24.66,71.65,71,83,26.26
osmena,ph,12.17,124.59,78.13,82,100,6.55
bangolo,ci,7.01,-7.49,73.99,96,40,4.79
hay river,ca,60.82,-115.79,59,82,75,9.17
brae,gb,60.4,-1.35,56.17,87,0,6.93
alyangula,au,-13.85,136.42,57.2,93,0,2.53
severobaykalsk,ru,55.65,109.32,45.19,97,97,6.13
hervey bay,au,-25.3,152.85,55,93,90,3.36
maxixe,mz,-23.86,35.35,71.6,88,0,9.17
sokolo,ml,14.74,-6.12,81.91,74,98,8.48
lieksa,fi,63.32,30.02,54.91,75,66,8.03
taywarah,af,33.35,64.42,58.87,31,59,6.71
stornoway,gb,58.21,-6.39,57.2,93,75,14.99
kampene,cd,-3.59,26.67,72.73,78,23,2.1
agropoli,it,40.35,15,78.67,68,0,1.99
qasigiannguit,gl,68.82,-51.19,42.8,60,20,5.82
eatonton,us,33.33,-83.39,81.03,58,75,6.93
moyo,ug,3.66,31.72,68.23,91,99,3.83
ekpoma,ng,6.74,6.14,73.81,94,19,6.51
mojo,et,8.59,39.12,61.75,85,12,7.67
ubinskoye,ru,55.31,79.68,65.53,56,19,16.91
tanete,id,-3.94,119.78,77.77,74,66,22.39
oussouye,sn,12.49,-16.54,84.2,79,40,6.93
beira,mz,-19.84,34.84,69.8,94,20,4.7
matao,br,-21.6,-48.37,86.05,28,0,2.08
khandbari,np,27.38,87.21,56.71,81,30,3.71
sampit,id,-2.54,112.95,73.27,98,87,1.77
stonewall,ca,50.13,-97.33,70.34,64,75,14.99
quartucciu,it,39.25,9.18,80.78,78,0,6.93
iwanai,jp,42.97,140.51,54.73,94,60,4.38
tagusao,ph,9.19,117.81,81.91,82,98,9.42
martyush,ru,56.4,61.89,45.19,80,75,13.85
les cayes,ht,18.19,-73.75,84.25,75,3,18.39
byron bay,au,-28.65,153.62,54.37,100,40,3.36
pimenteiras,br,-6.24,-41.42,90.73,29,0,10.42
katubao,ph,5.89,124.83,77.59,84,100,5.86
bubaque,gw,11.28,-15.83,80.11,79,100,13.67
cacoal,br,-11.43,-61.44,96.31,32,24,3.09
goure,ne,13.98,10.27,88.57,41,100,3.53
miraflores,co,5.2,-73.14,68.95,52,71,6.93
taseyevo,ru,57.22,94.9,47.71,87,48,1.95
safford,us,32.83,-109.71,93.76,23,1,18.34
shubarkuduk,kz,49.15,56.49,59.41,51,0,12.53
qinzhou,cn,21.96,108.62,75.97,93,100,2.95
kourou,gf,5.16,-52.64,89.6,62,0,11.41
gayeri,bf,12.65,0.49,80.11,78,69,8.1
tokur,ru,53.13,132.9,54.01,96,55,1.72
gornyak,ru,53.6,39.49,57.25,80,22,4.68
chino valley,us,34.76,-112.45,89.83,15,1,10.29
altamont,us,37.19,-95.3,88.45,74,40,10.29
lena,es,43.1,-5.73,69.15,94,75,5.82
winnemucca,us,40.97,-117.74,79,18,0,5.01
mwinilunga,zm,-11.73,24.43,71.65,38,96,1.14
novaya igirma,ru,57.14,103.93,45.91,94,37,3.2
moindou,nc,-21.69,165.68,62.6,82,75,4.7
houma,us,29.6,-90.72,86.34,66,75,12.75
ardahan,tr,41.11,42.7,55.63,80,61,2.55
eyl,so,7.98,49.82,77.05,73,75,26.04
ayagoz,kz,47.96,80.43,66.07,35,0,10.63
paramirim,br,-13.44,-42.24,80.11,38,9,15.68
astoria,us,46.19,-123.83,71.38,68,1,5.82
assiniboia,ca,49.63,-105.99,64.27,53,3,19.13
dicabisagan,ph,17.08,122.42,74.71,96,94,0.92
mitchell,us,43.71,-98.03,77.13,54,20,16.11
umea,se,63.83,20.26,60.8,87,0,4.7
capitan bado,py,-23.27,-55.53,83.53,30,99,4.99
rafaela,ar,-31.25,-61.49,77.04,57,71,5.01
burns lake,ca,54.23,-125.76,55.81,50,74,3.69
buriti dos lopes,br,-3.18,-41.87,86,62,0,18.34
dongli,cn,24.18,117.61,82.4,88,20,4.47
kaka,tm,37.35,59.62,76.87,12,0,6.98
kuala terengganu,my,5.33,103.14,78.17,94,75,4.7
darlawn,in,24.02,92.93,75.07,98,45,3.6
jacareacanga,br,-6.22,-57.76,95,41,0,6.93
makat,kz,47.65,53.35,71.47,31,13,11.88
kodinsk,ru,58.6,99.18,45.55,94,27,3.11
beloha,mg,-25.17,45.06,68.05,58,0,5.32
shahrud,ir,36.42,54.97,55.45,41,0,7.52
scarborough,tt,11.18,-60.73,89.6,66,20,6.93
kikwit,cd,-5.04,18.82,81.55,52,17,2.53
tobol,kz,52.68,62.58,50.95,73,14,13.33
guangyuan,cn,32.43,105.86,67.15,74,100,4
abu dhabi,ae,24.47,54.37,91.4,70,0,4.7
ugoofaaru,mv,5.67,73,82.81,72,100,5.23
benguela,ao,-12.58,13.4,69.85,82,0,8.84
diamantino,br,-14.4,-56.44,100.63,18,58,4.54
la macarena,co,2.18,-73.79,91.27,49,67,1.7
zafra,es,38.43,-6.42,73.92,53,40,6.93
dillon,us,45.22,-112.64,64.72,33,1,3.36
le vauclin,mq,14.55,-60.84,87.8,70,75,17.22
kawardha,in,22.01,81.23,70.93,97,71,4.07
batagay-alyta,ru,67.8,130.41,39.25,89,25,1.25
wesselsbron,za,-27.85,26.36,53.01,32,3,2.64
mbanza-ngungu,cd,-5.25,14.87,83.17,45,52,4.29
kathu,th,7.91,98.33,82.4,74,40,14.99
andenes,no,69.31,16.12,51.53,87,90,10.29
mossendjo,cg,-2.95,12.72,80.83,54,67,2.8
pervomayskiy,ru,53.24,40.29,59.23,68,3,3
kabalo,cd,-6.05,26.92,82.27,40,42,2.73
ruza,ru,55.7,36.19,60.8,67,0,6.71
azul,ar,-36.78,-59.86,69.01,55,18,8.01
sao jose da coroa grande,br,-8.9,-35.15,76.69,80,25,11.83
gushi,cn,32.17,115.65,77.41,96,97,5.5
tecoanapa,mx,16.99,-99.26,87.8,74,40,9.17
negombo,lk,7.21,79.83,78.8,94,40,4.7
pavlohrad,ua,48.53,35.87,68,49,0,11.18
bihariganj,in,25.73,86.98,85.15,74,3,6.85
ayacucho,pe,-13.16,-74.23,71.6,30,20,6.93
kitimat,ca,54.02,-128.69,56.48,87,90,3.36
kindu,cd,-2.95,25.92,76.51,69,92,2.26
alibag,in,18.64,72.88,82.4,74,40,6.93
darhan,mn,49.49,105.92,49.69,78,25,5.39
valdivia,cl,-39.81,-73.25,57.2,54,75,5.82
willmar,us,45.12,-95.04,68.77,94,75,6.93
lebyazhye,ru,59.96,29.42,63.57,82,40,8.95
honiara,sb,-9.43,159.96,73.4,94,40,4.03
tynset,no,62.28,10.78,59,72,53,1.12
hashtrud,ir,37.48,47.05,62.83,46,23,4.72
abnub,eg,27.27,31.15,91.4,36,0,8.05
wahiawa,us,21.5,-158.02,81.79,74,1,8.05
lashio,mm,22.93,97.75,70.39,99,85,0.51
la romana,do,18.43,-68.97,89.37,63,40,12.75
virginia beach,us,36.85,-75.98,75.15,73,90,16.11
port macquarie,au,-31.43,152.91,51.21,100,40,4.7
manhattan,us,39.18,-96.57,70.68,94,90,4.7
rawlins,us,41.79,-107.24,70.29,26,1,14.99
road town,vg,18.42,-64.62,86.45,62,40,9.17
smoky lake,ca,54.11,-112.47,63,58,7,10
prestea,gh,5.43,-2.14,77.41,76,80,6.73
opuwo,na,-18.06,13.84,64.63,23,0,7
krapivinskiy,ru,55,86.81,57.2,82,0,4.47
verkhnyaya inta,ru,65.99,60.32,35.11,81,65,3.36
mildura,au,-34.18,142.16,39.85,86,29,5.82
lae,pg,-6.72,146.98,70.57,98,100,1.88
shelburne,ca,44.08,-80.2,74.61,47,75,17.22
gazli,uz,40.13,63.45,79.93,13,0,14.38
port keats,au,-14.25,129.55,70.21,91,12,6.22
corralillo,cu,22.98,-80.59,89.29,59,79,2.46
vung tau,vn,10.35,107.08,78.13,89,95,9.46
ferndale,us,48.85,-122.59,67.57,52,1,4.7
banda aceh,id,5.56,95.32,83.35,75,100,13.09
smithers,ca,54.78,-127.17,50,76,75,4.7
alakurtti,ru,66.96,30.34,41,91,86,1.99
channel-port aux basques,ca,47.57,-59.14,62.83,56,84,1.88
salinas,ec,0.49,-78.13,58.08,62,75,16.11
wellington,nz,-41.29,174.78,45,76,49,21.92
melendugno,it,40.27,18.34,80.42,88,20,8.05
pringsewu,id,-5.36,104.98,70.57,95,98,2.82
sawakin,sd,19.1,37.33,93.43,23,0,2.59
dalvik,is,65.97,-18.53,60.8,63,75,24.16
champerico,gt,14.3,-91.92,91.4,46,40,6.93
ushumun,ru,52.78,126.54,57.79,96,100,4.92
topolobampo,mx,25.6,-109.05,93,62,75,18.34
havelock,us,34.88,-76.9,81.86,58,20,8.05
kulhudhuffushi,mv,6.62,73.07,81.55,76,100,12.08
abha,sa,18.22,42.5,71.67,49,40,6.8
gizo,sb,-8.1,156.84,79.03,79,92,3.96
geraldton,au,-28.77,114.6,51.8,57,0,8.05
ferrol,es,43.48,-8.23,66.58,82,40,10.29
bijar,ir,35.87,47.6,68.23,41,48,7.78
sabang,id,1.17,120.82,81.01,76,68,7.63
rosarito,mx,27.04,-109.91,99.5,34,5,8.05
pathein,mm,16.78,94.73,78.49,89,100,13.47
santa isabel do rio negro,br,-0.41,-65.02,94.33,42,46,4.29
portree,gb,57.41,-6.19,55.99,95,100,14
daokou,cn,35.61,105.12,54.37,82,55,2.71
yarim,ye,14.3,44.38,72.73,71,39,2.93
namatanai,pg,-3.66,152.44,78.31,83,93,9.98
udachnyy,ru,66.42,112.4,59,44,40,4.47
hit,iq,33.64,42.83,97.03,15,0,8.03
kautokeino,no,69.01,23.04,51.13,86,88,5.03
salerno,it,40.68,14.76,78.78,69,0,6.93
shaowu,cn,27.34,117.49,75.97,82,0,2.17
dedougou,bf,12.47,-3.47,78.85,82,50,6.26
pokhara,np,28.21,83.99,57.97,65,54,5.03
pangnirtung,ca,66.15,-65.72,51.8,71,90,10.29
jacksonville beach,us,30.29,-81.39,87.57,66,20,10.29
nyuksenitsa,ru,60.41,44.24,54.01,96,100,7.72
ageo,jp,35.96,139.58,73.49,88,40,4.7
hede,cn,33.77,120.25,75.61,96,39,5.17
muisne,ec,0.61,-80.02,82.4,78,20,11.41
nawa,in,27.02,75,83.71,69,100,9.15
rayagada,in,19.17,83.42,68.77,97,84,5.59
batticaloa,lk,7.71,81.69,79.21,65,98,1.21
carndonagh,ie,55.25,-7.27,64.4,77,90,8.05
tadpatri,in,14.92,78.02,81.37,63,94,17.16
nacala,mz,-14.56,40.69,71.6,88,0,8.05
shelton,us,47.22,-123.1,70.39,46,1,5.82
tromso,no,69.65,18.96,53.02,87,75,18.34
nata,bw,-20.21,26.19,71.29,16,0,9.22
san felipe,mx,31.02,-114.84,95,54,0,5.37
mecca,sa,21.43,39.83,89.29,44,13,5.84
kortkeros,ru,61.81,51.56,50,100,75,6.71
mandurah,au,-32.55,115.7,51.35,76,1,9.17
jacqueville,ci,5.21,-4.42,77,94,20,8.05
nelson bay,au,-32.72,152.14,53.82,93,90,5.82
devrek,tr,41.22,31.96,78.31,73,0,25.21
broken hill,au,-31.97,141.45,39.2,64,6,10.25
manicore,br,-5.81,-61.3,91.4,63,40,4.7
zaysan,kz,47.47,84.87,58.87,30,0,3.22
nome,us,30.04,-94.42,93.29,56,40,13.87
koumac,nc,-20.56,164.28,69.67,68,1,4.56
xuanhua,cn,40.61,115.04,60.49,65,0,2.84
brokopondo,sr,5.06,-54.98,91.4,49,40,8.05
benjamin aceval,py,-24.97,-57.57,64.4,100,90,23.04
zhob,pk,31.34,69.45,77.23,33,1,6.93
sohag,eg,26.55,31.7,95,21,0,8.05
krasnovishersk,ru,60.4,57.08,39.43,86,18,2.08
vitim,ru,59.44,112.57,53.29,94,93,3.02
fare,pf,-16.7,-151.02,78.13,70,10,10.45
maragogi,br,-9.01,-35.22,76.69,80,25,11.83
novo aripuana,br,-5.12,-60.38,95.23,35,29,3.83
djenne,ml,13.91,-4.55,83.35,67,99,5.61
polunochnoye,ru,60.87,60.43,44.47,92,91,3.6
baraki barak,af,33.97,68.95,59.23,32,38,2.77
kassala,sd,15.45,36.38,88.93,49,31,9.17
kushima,jp,31.5,131.29,73.63,98,100,0.58
sribne,ua,50.66,32.92,63.73,66,0,6.42
pihani,in,27.62,80.2,83.71,73,0,4.92
patiya,bd,22.3,91.98,82.4,88,40,4.7
kargasok,ru,59.06,80.87,55.99,93,98,8.99
hun,ly,29.13,15.95,87.13,23,0,9.04
bratsk,ru,56.15,101.63,46.18,87,8,6.71
fandriana,mg,-20.24,47.38,54.01,89,0,3.2
uribia,co,11.71,-72.27,94.15,45,22,18.12
severodvinsk,ru,64.56,39.82,51.8,93,90,8.95
esterhazy,ca,50.65,-102.08,67.69,54,12,15.68
kaputa,zm,-8.47,29.66,74.89,37,6,3.47
aksu,kz,52.04,76.93,69.8,49,0,11.18
atasu,kz,48.68,71.64,75.25,26,77,10.25
samfya,zm,-11.37,29.56,73.27,32,73,5.5
cavalcante,br,-13.79,-47.46,79.75,27,100,14.32
murupara,nz,-38.46,176.71,43.45,85,0,1.01
durham,us,36,-78.9,77.68,64,75,10.29
pouembout,nc,-21.12,164.9,66.61,79,1,7.45
ihosy,mg,-22.4,46.13,57.79,84,0,6.71
yangambi,cd,0.77,24.47,71.29,94,97,0.34
viytivka,ua,48.43,29.54,72.37,52,2,9.35
muyezerskiy,ru,63.93,31.65,54.37,84,36,8.81
tynda,ru,55.15,124.74,47.89,79,0,6.15
nikel,ru,69.41,30.22,46.4,93,40,5.82
puerto narino,co,-3.77,-70.38,87.8,62,40,3.36
taltal,cl,-25.41,-70.49,71.65,40,0,6.78
warri,ng,5.52,5.75,77.23,83,100,10.71
soderhamn,se,61.3,17.06,68,60,79,1.01
westport,ie,53.8,-9.52,59.05,93,75,8.05
srikakulam,in,18.29,83.89,79.75,81,99,3.11
manado,id,1.49,124.85,79.21,75,61,9.82
dejen,et,10.16,38.15,63.73,93,34,7.02
gushikawa,jp,26.35,127.87,81.79,83,1,5.82
aanekoski,fi,62.6,25.73,57.63,82,0,3.36
king city,us,36.21,-121.13,85.59,60,1,10.29
ballina,au,-28.87,153.57,52.77,100,40,3.36
ambikapur,in,23.12,83.2,73.99,92,78,4.85
yumen,cn,40.29,97.04,72.19,19,60,15.59
siedlce,pl,52.17,22.28,73,55,0,6.8
mazamet,fr,43.49,2.38,77.65,36,0,19.46
xining,cn,36.62,101.77,47.89,95,100,1.28
arlit,ne,18.74,7.39,91.99,41,100,10.69
monrovia,lr,6.33,-10.8,78.8,88,75,10.65
miguel calmon,br,-11.43,-40.6,75.25,51,78,13.27
salihorsk,by,52.79,27.54,64.99,77,1,1.72
robore,bo,-18.33,-59.76,96.8,37,20,17.22
santa isabel,mx,32.63,-115.58,99.27,24,20,6.93
ovruch,ua,51.33,28.8,65.53,73,0,1.95
santo antonio do ica,br,-3.1,-67.94,95.05,37,94,3.94
gujar khan,pk,33.26,73.31,76.05,94,20,3.36
fergus falls,us,46.28,-96.08,69.71,68,40,13.87
leh,in,34.16,77.58,52.75,32,64,3.09
long beach,us,30.35,-89.15,80.8,78,75,8.05
puerto ayacucho,ve,5.66,-67.62,86,70,40,3.18
menongue,ao,-14.66,17.68,64.63,14,0,4.68
turan,ru,52.15,93.92,45.19,85,10,1.57
gramoteino,ru,54.53,86.38,56.35,86,48,3.44
mananjary,mg,-19.16,46.8,62.65,51,5,5.66
tolmachevo,ru,55.36,38.22,63.91,67,0,6.71
quepos,cr,9.43,-84.16,78.1,65,75,4.7
kavaratti,in,10.57,72.64,79.75,84,100,26.87
bonthe,sl,7.53,-12.5,76.15,88,100,9.31
kondoa,tz,-4.91,35.78,67.51,51,42,6.93
jaguarari,br,-10.26,-40.2,80.65,36,76,14.18
basco,ph,20.45,121.97,82.99,80,53,16.15
verkh-tula,ru,54.88,82.77,57.2,82,0,6.71
monroe,us,41.91,-83.4,68,82,90,5.82
minna,ng,9.62,6.55,82.4,78,20,8.05
skibbereen,ie,51.55,-9.27,59,87,75,11.41
plateros,mx,23.23,-102.84,71.6,60,75,2.24
talas,kg,42.52,72.24,66.07,34,0,3.89
tikapur,np,28.53,81.12,81.55,83,73,1.5
yamoto,jp,38.43,141.21,66.61,92,81,2.24
gobo,jp,33.89,135.15,72.01,88,75,1.12
asmara,er,15.34,38.93,72.01,66,91,3.42
diez,de,50.37,8.02,77.13,51,1,3.36
kumano,jp,34.34,132.59,74.25,94,90,4.7
estelle,us,32.87,-97.01,99.7,42,20,21.92
sanlucar la mayor,es,37.39,-6.2,76.73,61,20,13.87
abu kamal,sy,34.45,40.92,92.35,18,0,5.46
srednekolymsk,ru,67.46,153.71,48.97,87,96,4.16
muswellbrook,au,-32.27,150.89,57,89,67,3.42
samoded,ru,63.61,40.52,52.57,97,76,6.42
natchez,us,31.56,-91.4,85.75,70,75,5.82
bintulu,my,3.17,113.03,75.04,94,75,4.7
sebrovo,ru,50.1,43.3,64,54,0,1.01
kyakhta,ru,50.35,106.45,49.51,82,35,6.51
the valley,ai,18.22,-63.06,88.3,66,40,12.75
krasnoarmeyskoye,ru,51.2,45.92,63,45,0,1.99
lakes entrance,au,-37.88,147.99,41.59,87,0,6.8
san luis,ar,-33.3,-66.34,83.35,23,46,12.71
zaraysk,ru,54.76,38.88,55.99,60,81,1.01
punta cardon,ve,11.61,-70.22,83.17,75,66,34
apango,mx,17.74,-99.33,87.01,57,96,2.68
bourg-en-bresse,fr,46.21,5.22,73.69,60,0,2.24
carbonia,it,39.17,8.53,80.91,78,0,6.93
havre-saint-pierre,ca,50.23,-63.6,73.4,53,1,6.93
baghdad,iq,33.3,44.38,96.8,25,0,3.36
port moresby,pg,-9.47,147.16,76.15,86,96,16.71
saint-dizier,fr,48.64,4.95,76.57,37,0,5.82
mon,in,26.73,95.03,78.85,93,11,3.31
irbit,ru,57.67,63.06,44.83,95,100,13.76
diego de almagro,cl,-26.39,-70.05,81.73,24,0,10.29
csorvas,hu,46.63,20.83,74.05,83,0,2.24
morro bay,us,35.37,-120.85,76.64,53,1,9.17
ko samui,th,9.54,99.94,83.35,70,100,11.81
mount isa,au,-20.73,139.49,59,33,29,14.99
eenhana,na,-17.48,16.34,78.8,7,0,4.7
santa cruz,cr,10.26,-85.58,91.4,55,40,12.75
almazar,uz,40.32,69.01,73.4,49,0,6.71
toora-khem,ru,52.47,96.11,44.83,88,0,2.64
doha,qa,25.29,51.53,93.2,63,0,4.7
vicuna,cl,-30.03,-70.71,68,52,0,13.87
paramonga,pe,-10.68,-77.82,58.51,88,61,10.18
gigmoto,ph,13.78,124.39,79.75,83,100,26.78
asyut,eg,27.18,31.19,91.4,36,0,8.05
buckeye,us,33.37,-112.58,100.54,31,96,5.82
ovsyanka,ru,53.58,126.91,56.71,97,100,4.36
bilibino,ru,68.06,166.44,48.43,95,60,5.48
ladario,br,-19,-57.6,87.8,43,20,8.05
oskemen,kz,49.96,82.61,53.6,93,0,2.24
raudeberg,no,61.99,5.14,70.7,68,0,12.75
larsnes,no,62.2,5.58,70.92,56,20,26.4
skorping,dk,56.84,9.89,71.83,74,0,1.01
jinchang,cn,38.52,102.19,65.71,40,97,5.75
izvestkovyy,ru,48.98,131.55,53.29,99,46,3.02
itoman,jp,26.12,127.67,81.75,79,20,4.7
sattahip,th,12.67,100.9,86.5,65,40,5.82
shingu,jp,33.72,135.99,63.73,78,52,1.9
lalmohan,bd,22.34,90.74,81.55,83,25,7.09
cabra,ph,13.89,120.05,83.35,78,100,12.21
boende,cd,-0.28,20.88,72.73,91,52,1.86
yermekeyevo,ru,54.07,53.67,52.57,79,80,4.68
hella,is,63.84,-20.4,51.04,93,90,23.04
eggenfelden,de,48.4,12.76,71.08,72,75,27.51
debre birhan,et,9.68,39.53,51.13,90,11,1.74
zeya,ru,53.74,127.27,53.83,91,100,3.42
guider,cm,9.93,13.94,71.29,90,84,2.26
kuusamo,fi,65.96,29.19,51.8,87,0,5.82
avanigadda,in,16.02,80.92,80.6,94,40,3.36
gayny,ru,60.3,54.33,46.63,74,88,4.9
santa pola,es,38.19,-0.56,78.21,78,75,10.29
roma,au,-26.57,148.79,59.59,41,92,6.11
elizabeth city,us,36.3,-76.22,74.91,78,90,23.04
coutances,fr,49.05,-1.45,62.98,93,75,8.05
gavardo,it,45.58,10.44,74.03,74,5,4.7
dinghai,cn,26.28,119.79,80.6,88,0,4.47
unai,br,-16.36,-46.91,83.71,30,26,10.45
isfana,kg,39.84,69.53,73.4,49,0,6.71
sioux lookout,ca,50.1,-91.92,62.04,93,90,6.93
wa,gh,10.06,-2.51,79.21,81,58,4.74
jiuquan,cn,39.73,98.49,68.23,27,37,7.9
osuna,es,37.24,-5.1,75.22,61,20,13.87
sai buri,th,6.7,101.62,72.91,93,100,1.88
sinjar,iq,36.32,41.88,89.83,15,0,10.74
jacksonville,us,30.33,-81.66,87.84,62,1,8.05
tahe,cn,52.34,124.71,55.81,98,100,3.06
kaohsiung,tw,22.62,120.31,79.86,88,20,5.82
afrikanda,ru,67.44,32.78,46.63,89,44,6.2
cervo,es,43.67,-7.41,65.97,1,68,17
celina,us,40.55,-84.57,67.87,94,90,11.41
gazojak,tm,41.19,61.4,79.75,22,0,14.07
chapleau,ca,47.85,-83.4,71.6,49,90,14.99
nakamura,jp,35.17,136.87,75.42,78,75,6.93
ulaanbaatar,mn,47.92,106.92,39.2,86,0,4.47
promyshlennovskiy,ru,55.48,86.2,57.2,82,0,4.47
ivanovo,ru,57,40.97,61.21,77,100,9.62
sistranda,no,63.73,8.83,68,60,0,10.29
werda,bw,-25.27,23.28,66.79,17,11,0.54
maloy,no,61.94,5.11,69.76,68,0,12.75
sabinas hidalgo,mx,26.51,-100.18,95.77,32,0,9.95
zhoucheng,cn,31.35,119.33,82.4,100,99,4.47
chokwe,mz,-24.53,32.98,77.95,33,0,6.38
kangaatsiaq,gl,68.31,-53.46,42.49,72,7,9.37
phalombe,mw,-15.81,35.65,68.59,51,7,7.07
jupiter,us,26.93,-80.09,88.23,83,75,6.55
buchanan,lr,5.88,-10.05,78.8,88,75,16.84
pithoragarh,in,29.59,80.22,68.05,92,39,0.63
kinablangan,ph,7.69,126.55,73.63,84,100,3.47
sterling,us,39,-77.4,73.71,53,75,8.05
kilindoni,tz,-7.91,39.67,77.59,78,7,14.85
comodoro rivadavia,ar,-45.87,-67.48,57.2,17,20,32.21
edd,er,13.93,41.69,91.27,45,59,3.94
lubango,ao,-14.92,13.49,64.81,73,0,6.53
zelenogradsk,ru,54.96,20.48,64.4,88,0,2.24
tongliao,cn,43.61,122.27,60.49,92,1,5.95
koundara,gn,12.49,-13.3,77.23,87,94,5.14
christchurch,nz,-43.53,172.64,35.53,86,66,5.82
simbahan,ph,6.3,120.58,82.45,78,100,19.53
cordoba,ar,-27.78,-67.24,79.75,12,1,7.76
ornskoldsvik,se,63.29,18.72,60.8,72,0,2.24
kupang,id,-10.16,123.6,73.27,74,8,14.07
malmesbury,za,-33.46,18.72,51.12,87,20,3.36
colares,pt,38.8,-9.45,72.1,60,20,11.41
bandrele,yt,-12.91,45.19,75.2,83,0,3.36
fenelon falls,ca,44.54,-78.74,74.41,50,40,11.41
shimanovsk,ru,52,127.67,58.69,97,100,5.97
rocha,uy,-34.48,-54.34,59.59,91,100,3.53
brainerd,us,46.36,-94.2,62.13,88,90,9.17
imbituba,br,-28.24,-48.67,66.2,77,75,12.75
hassleholm,se,56.16,13.77,65.7,93,0,1.12
elko,us,40.83,-115.76,78.06,21,1,6.93
sabha,ly,27.03,14.43,89.65,19,0,6.98
puerto del rosario,es,28.5,-13.86,75.45,83,20,20.8
kayakent,ru,42.39,47.9,69.08,73,20,6.71
fiche,et,9.77,38.74,58.87,89,47,5.79
mekhe,sn,15.11,-16.62,83.28,62,75,2.24
abhar,ir,36.14,49.22,62.11,52,2,6.26
changying,cn,52.87,123.32,55.99,96,100,4.68
oytal,kz,42.91,73.27,74.89,27,0,3.4
constantine,dz,36.36,6.61,82.4,61,40,6.93
obo,cf,5.39,26.49,68.41,93,96,1.77
ilhabela,br,-23.78,-45.36,68.59,79,39,21.39
peace river,ca,56.23,-117.29,59,62,20,11.41
ust-koksa,ru,50.27,85.62,46.27,80,20,4.76
panama city,us,30.16,-85.65,88.23,74,1,12.75
shenzhen,cn,22.54,114.05,80.53,83,0,4.47
lubumbashi,cd,-11.66,27.48,71.47,41,72,3.36
katobu,id,-4.94,122.53,68.05,92,80,3.8
muzhi,ru,65.4,64.7,36.91,87,42,4.74
tsnori,ge,41.62,45.98,78.8,36,40,9.17
sendai,jp,38.27,140.87,68,92,6,2.1
kambove,cd,-10.88,26.6,72.01,41,90,3.76
seydisehir,tr,37.42,31.85,72.01,43,26,4.03
nara,ml,15.17,-7.29,85.69,61,99,7.05
oktyabrskiy,ru,55.61,37.97,63.64,63,0,4.47
sisophon,kh,13.59,102.97,75.97,87,100,8.93
dudinka,ru,69.41,86.18,48.2,100,75,13.42
horasan,tr,40.04,42.16,64.63,58,46,9.08
seminole,us,32.72,-102.64,106.16,9,1,10.29
ulaangom,mn,49.98,92.07,53.11,53,22,1.88
horsham,au,-36.71,142.2,37.63,96,19,3.91
voyinka,ua,45.87,33.99,77.41,66,3,8.3
carmo do rio claro,br,-20.97,-46.12,75.43,41,9,6.49
pundaguitan,ph,6.37,126.17,81.37,77,100,2.37
ibirama,br,-27.05,-49.52,64.76,93,54,4.61
nadym,ru,65.53,72.51,39.79,72,88,6.82
guasdualito,ve,7.24,-70.73,93.2,49,40,3.36
timra,se,62.49,17.33,58.8,100,0,3.47
prieska,za,-29.67,22.74,60.85,18,0,10.65
yantzaza,ec,-3.83,-78.76,84.2,37,40,19.46
angoche,mz,-16.23,39.91,69.31,85,0,3.8
tevriz,ru,57.51,72.4,54.55,99,100,3.44
immokalee,us,26.42,-81.42,85.35,88,90,8.75
madridejos,ph,9.79,123.35,80.6,83,90,4.7
tanem,no,63.31,10.43,64.99,72,0,6.93
porto santo,pt,33.07,-16.34,72.63,73,75,10.29
mnogovershinnyy,ru,53.94,139.92,54.73,93,75,3.09
fukue,jp,35.03,136.69,73.71,78,75,6.93
agadez,ne,16.97,7.99,82.81,74,1,3.36
lugo,es,43.01,-7.56,65.52,98,67,8.01
taveta,ke,-3.4,37.67,73.4,64,40,17.22
snezhnogorsk,ru,69.19,33.23,48.2,87,75,4.47
diamantina,br,-18.24,-43.6,80.11,34,0,11.95
harper,lr,4.38,-7.71,76.33,81,47,12.88
freeport,bs,26.54,-78.7,89.6,66,75,10.29
muromtsevo,ru,56.37,75.24,56.89,97,96,9.06
waddan,ly,29.16,16.14,86.95,20,0,6.98
kovdor,ru,67.56,30.47,46.27,94,67,3.49
riyadh,sa,24.63,46.72,91.4,22,0,2.24
surdila-gaiseanca,ro,45.07,27.33,75.2,47,5,6.93
beisfjord,no,68.38,17.6,51.12,93,75,11.41
kirkwood,za,-33.4,25.44,60.8,63,75,19.46
pacifica,us,37.61,-122.49,77.07,60,20,4.7
oktyabrskoye,ru,56.73,85.44,53.29,93,0,6.55
urubicha,bo,-15.63,-63.08,95.95,25,55,3.13
lambarene,ga,-0.7,10.22,77.05,79,74,3.6
durusu,tr,37.53,40.83,82.36,30,0,11.41
cocal,br,-3.47,-41.56,86,62,0,18.34
vladimirskaya,ru,44.54,40.8,70.57,55,0,12.66
cabatuan,ph,16.95,121.67,73.99,89,56,2.53
hongjiang,cn,27.21,109.83,73.99,97,95,0.69
keflavik,is,64,-22.56,51.8,100,90,16.11
vuktyl,ru,63.86,57.31,43.21,69,90,6.44
glyadyanskoye,ru,54.91,65.09,50.41,83,56,14.58
madimba,tz,-10.4,40.33,71.6,94,20,5.82
celestun,mx,20.87,-90.4,82.27,78,0,9.06
mao,td,14.12,15.31,85.51,53,60,10.4
mae hong son,th,19.3,97.97,70.21,99,100,3.13
lynn haven,us,30.25,-85.65,88.23,74,1,12.75
totness,sr,5.88,-56.32,83.71,72,8,8.32
mukhen,ru,48.19,136.14,54.55,95,0,5.1
salto,uy,-31.39,-57.96,71.82,73,75,6.93
dubti,et,11.74,41.09,100.99,19,5,16.71
ambon,id,-3.7,128.18,75.97,81,32,11.61
sibu,my,2.29,111.83,75.06,94,75,3.36
bataipora,br,-22.3,-53.27,91.81,22,52,5.08
figeac,fr,44.61,2.03,78.78,44,0,6.93
anamur,tr,36.08,32.84,78.93,94,0,12.82
las cruces,us,32.31,-106.78,96.64,13,1,4.7
berdigestyakh,ru,62.1,126.7,48.79,80,24,4.74
dali,cn,25.6,100.24,60.49,94,1,1.88
west bay,ky,19.37,-81.42,89.26,70,20,12.75
catuday,ph,16.29,119.81,83.35,81,50,12.19
letnyaya stavka,ru,45.43,43.44,75.07,41,19,9.04
bodden town,ky,19.28,-81.25,89.26,70,20,12.75
itupiranga,br,-5.13,-49.33,96.8,32,20,8.05
sept-iles,ca,50.2,-66.38,69.03,60,75,9.17
paracuru,br,-3.41,-39.03,84.2,62,0,16.11
merke,kz,42.87,73.19,74.89,27,0,3.4
kinkala,cg,-4.35,14.75,75.2,78,39,2.24
bogande,bf,12.97,-0.14,81.19,73,94,8.75
burnie,au,-41.05,145.91,43.99,87,64,5.75
nizwa,om,22.93,57.53,89.29,25,87,6.13
vienne,fr,45.53,4.87,76.53,37,0,4.7
seddon,nz,-41.67,174.07,36.36,94,90,8.52
tazovskiy,ru,67.47,78.7,40.51,88,61,9.01
minot,us,48.23,-101.3,72.39,40,20,20.8
mackenzie,ca,55.34,-123.09,55.4,62,1,5.82
otane,nz,-39.89,176.62,44.01,89,16,2.8
zamora,es,41.51,-5.74,65.21,77,58,4.7
lexington,us,38.05,-84.5,70.11,94,90,10.29
palmas de monte alto,br,-14.26,-43.16,87.85,26,30,8.77
pontianak,id,-0.02,109.34,81.19,80,100,10.96
gritsovskiy,ru,54.14,38.16,57.43,86,79,7.67
presidencia roque saenz pena,ar,-26.79,-60.44,83.35,49,12,9.71
hojai,in,26,92.85,77.23,89,14,4.52
santa cruz del sur,cu,20.71,-78,94.33,43,86,5.75
nieuw amsterdam,sr,5.88,-55.08,91.96,49,40,5.82
panguipulli,cl,-39.64,-72.33,54.75,54,75,5.82
langsa,id,4.47,97.97,70.57,96,100,1.3
soyo,ao,-6.13,12.37,71.65,88,36,10.11
baykit,ru,61.68,96.39,41.59,98,83,3.06
jalu,ly,29.03,21.55,91.45,17,0,8.77
sikandra rao,in,27.69,78.38,83.89,72,5,4.25
kaeo,nz,-35.1,173.78,44.53,100,2,4.32
kailua,us,21.39,-157.74,81.81,69,20,12.75
faxinal,br,-24,-51.32,83.71,31,3,8.1
tohana,in,29.71,75.9,82.81,71,94,5.53
ust-kulom,ru,61.69,53.69,44.83,86,89,4.94
nicoya,cr,10.15,-85.45,82.63,55,40,12.75
we,nc,-20.92,167.26,68.23,81,20,13.4
meghraj,in,23.5,73.5,74.53,95,100,14.74
neuquen,ar,-38.95,-68.06,60.8,41,40,3.36
santa helena de goias,br,-17.81,-50.6,88.03,21,1,5.28
nouna,bf,12.73,-3.87,81.37,75,67,6.38
kohlu,pk,29.9,69.25,89.29,23,20,7.02
ternate,id,0.8,127.4,79.39,82,18,17.6
flin flon,ca,54.77,-101.88,59,82,90,11.41
gurupi,br,-11.73,-49.07,99.37,16,85,8.16
javanrud,ir,34.8,46.49,77,23,0,2.24
cariati,it,39.5,16.95,79.63,57,0,6.93
great bend,us,38.36,-98.78,82.53,78,75,17.22
mitu,co,1.2,-70.17,88.75,51,46,4.59
bay roberts,ca,47.58,-53.28,70.59,43,20,8.05
kastamonu,tr,41.38,33.78,58.69,70,0,3.29
defiance,us,41.28,-84.36,66.38,100,90,16.11
cumana,ve,10.46,-64.17,91.4,43,20,4.43
belyy yar,ru,53.6,91.39,51.8,93,0,2.24
morant bay,jm,17.88,-76.41,89.6,59,20,25.28
casper,us,42.87,-106.31,66.81,34,75,6.93
santiago de chuco,pe,-8.15,-78.17,65.71,32,0,8.7
bozoum,cf,6.31,16.38,67.33,84,88,2.46
nehe,cn,48.48,124.88,58.51,95,97,10.31
kloulklubed,pw,7.04,134.26,80.6,83,75,10.29
ucluelet,ca,48.94,-125.55,67.6,87,5,6.93
maravilha,br,-26.76,-53.17,73.4,40,75,4.7
pareora,nz,-44.49,171.21,39,88,68,3.69
russell,nz,-35.26,174.12,44.49,92,8,1.01
calama,cl,-22.46,-68.93,78.12,3,0,6.93
walvis bay,na,-22.95,14.51,57.99,85,0,5.99
nchelenge,zm,-9.35,28.74,75.07,55,14,2.64
montlucon,fr,46.33,2.6,78.53,38,30,5.88
westerland,de,54.91,8.3,76.82,70,0,3
smolenka,ru,54.28,56.05,48.04,81,0,6.71
shellbrook,ca,53.22,-106.39,60.8,77,90,13.87
whitehorse,ca,60.72,-135.06,53.17,66,75,13.87
chantada,es,42.61,-7.77,69.42,83,20,11.41
oum hadjer,td,13.3,19.7,80.29,74,66,7.31
terrace,ca,54.52,-128.61,56.84,87,90,3.36
huayucachi,pe,-12.13,-75.23,54.55,30,5,4.94
martinsburg,us,39.46,-77.96,74.55,56,75,4.7
miles city,us,46.41,-105.84,69.8,43,40,10.29
silver city,us,32.77,-108.28,89.6,17,1,10.29
zyryanka,ru,65.73,150.89,52.57,91,100,16.02
omsukchan,ru,62.53,155.8,44.83,92,100,3.62
beni suef,eg,29.07,31.1,90.73,23,0,13.24
piatra soimului,ro,46.83,26.43,70.95,68,0,2.24
rudbar,af,30.15,62.6,87.13,15,0,15.64
pedasi,pa,7.53,-80.03,86.05,62,97,6.29
hodal,in,27.9,77.37,91.99,4,67,4.56
ikungi,tz,-5.13,34.77,72.55,42,39,9.71
tarko-sale,ru,64.92,77.78,46.99,84,100,7.94
kachiry,kz,53.07,76.1,75.25,33,26,16.91
bardiyah,ly,31.76,25.09,79.39,85,0,9.13
puteyets,ru,65.17,57.09,39.25,76,63,3.4
tibati,cm,6.47,12.63,69.31,82,74,1.16
hibbing,us,47.43,-92.94,61.03,93,90,4.7
vilcun,cl,-38.65,-72.23,52.5,93,75,4.7
bagdarin,ru,54.44,113.59,50.77,91,99,9.42
kontagora,ng,10.4,5.47,76.51,86,82,3.6
chimbote,pe,-9.08,-78.59,59.23,90,93,7.83
goundam,ml,16.42,-3.66,91.27,43,77,5.86
otukpo,ng,7.19,8.13,75.43,93,24,4.85
markala,ml,13.69,-6.07,81.55,76,79,5.61
kasongo-lunda,cd,-6.48,16.82,79.03,47,97,2.91
rixheim,fr,47.75,7.41,71.31,78,20,2.24
tingo maria,pe,-9.29,-76.01,77.79,69,75,9.17
malibu,us,33.61,-84.48,76.82,57,90,9.17
koslan,ru,63.46,48.9,48.43,99,100,5.64
krasavino,ru,60.96,46.48,50.95,98,100,6.04
bagn,no,60.82,9.55,59.47,72,46,5.95
hokitika,nz,-42.72,170.96,43.21,69,0,1.88
hall,at,47.6,14.46,67.86,88,69,5.82
evanston,us,42.04,-87.69,73,83,90,10.29
peniche,pt,39.36,-9.38,70,88,0,9.17
hammerfest,no,70.66,23.68,50,93,75,18.34
alistrati,gr,41.07,23.96,84.25,61,20,4.7
susaki,jp,33.42,133.28,75.99,91,92,1.01
serowe,bw,-22.4,26.7,64.81,27,0,3.85
talcahuano,cl,-36.72,-73.12,57.2,82,40,4.7
belomorsk,ru,64.52,34.76,54.19,82,68,8.72
tshikapa,cd,-6.42,20.79,75.61,65,55,4.54
nyagan,ru,62.14,65.43,45.91,70,99,7.2
kozlovka,ru,55.84,48.25,51.76,81,20,8.95
shinpokh,pk,34.33,71.18,83.35,65,40,4.7
nizhniy odes,ru,63.64,54.86,44.83,70,86,5.39
ylivieska,fi,64.07,24.53,57.43,83,82,5.01
tinskoy,ru,56.15,96.92,49.51,82,29,3.62
springdale,ca,49.5,-56.06,81,34,16,4.45
hazorasp,uz,41.32,61.08,68,56,0,6.93
lander,us,42.83,-108.73,66.58,37,1,4.7
petrokamenskoye,ru,57.72,60.65,45.01,89,85,7.61
buzmeyin,tm,38.05,58.21,78.8,19,0,2.24
muli,mv,2.92,73.57,82.81,78,79,10.31
sinop,tr,42.03,35.15,73.45,76,0,12.5
port shepstone,za,-30.74,30.45,61.57,80,81,3.24
iquique,cl,-20.22,-70.14,60.8,67,75,10.29
denizli,tr,37.77,29.09,84.07,28,0,13.87
cooma,au,-36.24,149.13,33.8,86,75,2.21
malartic,ca,48.14,-78.13,77,38,40,13.87
las tunas,cu,20.96,-76.96,95,50,40,4.7
lermontovka,ru,47.15,134.34,55.09,94,0,6.6
ahmadpur east,pk,29.14,71.26,98.47,27,51,9.4
urucui,br,-7.23,-44.56,96.85,17,0,11.21
strathpeffer,gb,57.59,-4.54,62.67,77,20,9.17
mindelo,cv,16.89,-24.98,84.2,70,40,6.93
cuamba,mz,-14.8,36.54,75.61,37,28,5.68
maceio,br,-9.67,-35.74,78.8,78,75,17.22
brzesko,pl,49.97,20.61,71.47,73,0,5.82
yinchuan,cn,38.48,106.21,67.51,56,41,2.33
new ulm,us,44.31,-94.46,67.59,93,75,8.05
qianan,cn,44.99,124.06,59.05,94,68,5.48
carinhanha,br,-14.3,-43.77,88.93,25,38,9.37
ordu,tr,40.98,37.88,75.2,88,75,3.36
teguise,es,29.06,-13.56,75.2,78,20,20.8
russkaya polyana,ru,53.78,73.88,66.25,69,68,13.51
tsumeb,na,-19.25,17.72,64.63,12,0,10.63
umm kaddadah,sd,13.6,26.69,86.41,45,96,21.16
rongcheng,cn,37.16,122.42,71.11,82,96,3.13
san vicente,ph,14.11,122.87,75.61,92,100,7.61
bend,us,44.06,-121.32,71.56,27,1,4.7
antsohihy,mg,-14.88,47.99,76.87,65,3,22.53
sassandra,ci,4.95,-6.09,76.15,79,69,7.31
ystad,se,55.43,13.82,65.73,64,0,4.7
mikkeli,fi,61.69,27.27,60.8,100,75,6.73
alugan,ph,12.22,125.48,73.63,97,100,9.71
rudnogorsk,ru,57.27,103.75,45.91,94,37,3.2
mogadishu,so,2.04,45.34,75.79,78,14,16.11
otofuke,jp,43.02,143.2,53.65,91,85,2.68
strezhevoy,ru,60.73,77.6,57.2,93,90,13.42
gesves,be,50.4,5.08,78.17,61,24,3.36
chipata,zm,-13.64,32.65,76.15,38,81,6.11
novi pazar,rs,43.14,20.51,68.59,61,44,1.34
monte alegre,br,-6.07,-35.33,82.4,58,75,20.8
litovko,ru,49.24,135.18,55.63,98,17,2.98
amazar,ru,53.86,120.88,52.03,96,100,7.14
new richmond,ca,48.17,-65.87,71.6,49,1,4.7
ullapool,gb,57.9,-5.16,62.35,82,70,3
lukovetskiy,ru,64.29,41.92,51.8,93,90,8.95
jawhar,so,2.78,45.5,77.05,69,66,20.89
voh,nc,-20.95,164.69,66.61,79,1,7.45
dehloran,ir,32.69,47.27,88.57,14,0,9.75
lensk,ru,60.71,114.91,50.23,95,3,2.77
terney,ru,45.05,136.61,54.01,93,0,3.09
montepuez,mz,-13.13,39,75.79,39,12,7.52
hargeysa,so,9.56,44.06,75.25,51,17,22.62
olga,ru,43.74,135.29,53.29,95,10,1.57
itaituba,br,-4.26,-55.99,95,47,40,8.05
pilikwe,bw,-22.8,27.19,65.53,25,0,5.95
fairmont,us,40.64,-97.59,74.3,73,90,4.7
muroto,jp,33.37,134.14,68.41,91,98,2.68
zhuanghe,cn,39.7,122.97,64.81,95,95,3.38
gelemso,et,8.81,40.52,70.57,59,4,18.28
markapur,in,15.74,79.27,75.79,74,54,8.48
juneau,us,58.3,-134.42,52.81,93,90,5.82
recas,ro,45.8,21.5,76.46,78,0,8.05
pangody,ru,65.85,74.49,44.29,61,100,4.09
arroyo grande,us,35.12,-120.59,74.73,82,75,5.82
moose factory,ca,51.26,-80.61,80.6,47,1,13.87
thurso,gb,58.6,-3.52,57,82,0,4.7
witu,ke,-2.39,40.44,75.2,88,20,9.91
minab,ir,27.15,57.07,89.6,66,0,1.12
rivers,ca,50.03,-100.23,71.6,56,75,14.99
erzin,ru,50.26,95.16,50.77,57,0,5.91
surazh,ru,53.01,32.39,60.85,71,0,1.3
zhezkazgan,kz,47.8,67.71,71.83,46,100,7.11
eslamshahr,ir,35.55,51.23,81.27,11,0,4.18
tabuk,sa,28.38,36.58,89.6,18,75,4.7
tumbi,tz,-5.08,32.69,77,41,0,11.41
rosetta,eg,31.4,30.42,82.4,74,0,4.7
oksfjord,no,70.24,22.35,50.14,100,75,2.24
villaviciosa,es,43.48,-5.43,68.77,94,75,5.82
cairns,au,-16.92,145.77,59.36,82,38,9.17
malanje,ao,-9.54,16.35,73.63,52,64,7.34
sayyan,ye,15.17,44.32,75.43,60,38,2.91
ciudad bolivar,ve,8.12,-63.55,91.27,48,4,7.14
tula,mx,18.59,-95.38,98.01,51,12,1.99
adwa,et,14.16,38.9,64.09,83,81,5.28
rehoboth,na,-23.31,17.08,62.47,11,0,16.15
volgodonsk,ru,47.51,42.17,73.27,47,0,14.16
kozhva,ru,65.11,57.05,39.25,76,63,3.4
huilong,cn,31.15,106.5,78.31,64,65,4.65
amarkantak,in,22.67,81.76,70.75,97,29,0.92
kamyshin,ru,50.08,45.4,62.11,47,0,6.51
osorno,cl,-40.57,-73.14,53.6,50,75,5.82
santana do livramento,br,-30.89,-55.53,68.41,80,87,8.63
kiruna,se,67.86,20.23,53.6,76,93,3.36
datong,cn,40.09,113.3,63.19,56,0,4.83
feijo,br,-8.16,-70.35,95.95,36,31,2.86
plouzane,fr,48.38,-4.62,63.01,88,0,9.17
uttaradit,th,17.63,100.1,75.61,96,100,4.47
coffs harbour,au,-30.3,153.13,55.45,93,75,5.82
buala,sb,-8.15,159.59,79.03,82,100,6.26
bairnsdale,au,-37.83,147.63,41.59,87,0,6.8
chorozinho,br,-4.3,-38.5,84.2,62,0,16.11
chiredzi,zw,-21.05,31.67,77.23,26,0,3.83
karad,hu,46.69,17.84,69.8,88,1,1.12
didao,cn,45.35,130.84,58.15,96,100,3.96
prince george,ca,53.92,-122.75,58.66,58,20,6.93
beidao,cn,34.57,105.89,55.09,89,44,3.44
pedernales,do,18.04,-71.74,93.2,59,20,14.99
nowy dwor gdanski,pl,54.21,19.12,70.86,64,0,6.93
ratnagiri,in,16.98,73.3,81.73,78,52,11.23
belaya gora,ru,68.54,146.19,47.53,92,74,5.01
lively,ca,46.43,-81.15,75.79,44,75,11.41
serrana,br,-21.21,-47.61,87.8,18,0,8.05
cookeville,us,36.16,-85.5,68.88,88,75,9.17
guatire,ve,10.47,-66.54,84.51,62,40,5.82
santa vitoria,br,-7.82,-67.03,99.01,31,58,3.09
coracao de jesus,br,-16.69,-44.37,78.8,39,75,13.87
pitanga,br,-24.76,-51.76,75.25,45,54,5.86
zunyi,cn,27.73,106.92,73.09,76,52,1.66
shahpur,in,22.19,77.91,73.09,97,100,11.95
manga,bf,11.67,-1.07,77.77,83,42,4.56
tongchuan,cn,34.9,108.95,66.2,100,90,2.24
spearfish,us,44.49,-103.86,64.26,52,20,17.22
rundu,na,-17.91,19.77,68,16,0,3.36
issoire,fr,45.54,3.25,76.3,60,0,2.24
sosnovo-ozerskoye,ru,52.53,111.54,50.95,91,100,9.22
vikhorevka,ru,56.12,101.17,46.18,87,1,6.71
caraballeda,ve,10.61,-66.85,84.83,62,40,5.82
kenora,ca,49.76,-94.48,66.15,82,100,3.36
dekernes,eg,31.09,31.59,82.4,78,0,6.93
campoverde,pe,-8.48,-74.81,100.63,30,0,1.72
grand baie,mu,-20.02,57.58,71.31,60,75,11.41
palencia,es,42.01,-4.53,62.26,63,40,6.93
poso,id,-1.4,120.75,60.85,98,67,2.48
aksarayskiy,ru,46.79,48.01,74.89,60,0,6.71
yabassi,cm,4.46,9.97,77,94,75,1.12
that phanom,th,16.94,104.73,74.71,94,100,4.27
cubuk,tr,40.24,33.03,76.05,31,0,11.41
santander,es,43.46,-3.8,70.21,88,75,3.36
mahina,pf,-17.51,-149.49,78.37,74,20,3.36
hedaru,tz,-4.5,37.91,68.41,80,4,14.41
surt,ly,31.21,16.59,80.83,78,0,13.78
manzhouli,cn,49.6,117.43,49.87,89,90,9.04
sokoto,ng,13.06,5.24,81.91,68,83,5.26
heilbron,za,-27.29,27.97,57.97,17,2,7.54
attleboro,us,41.94,-71.29,71.73,49,75,9.17
khandyga,ru,62.65,135.58,50.77,63,0,6.98
altamira,br,-3.2,-52.21,95.59,33,31,5.39
petauke,zm,-14.25,31.33,79.39,40,95,12.48
waiouru,nz,-39.48,175.67,36.91,97,61,7.85
kotelnich,ru,58.31,48.34,53.29,93,100,10.92
batocina,rs,44.15,21.08,73.4,88,0,2.24
lins,br,-21.67,-49.75,84.2,39,0,11.41
muttupet,in,10.4,79.48,82.09,68,95,10.11
boditi,et,6.95,37.86,65.35,86,82,1.52
senador guiomard,br,-10.15,-67.74,84.2,66,75,5.82
honningsvag,no,70.98,25.97,50.81,87,75,3.36
hastings,nz,-39.64,176.84,40.33,91,16,2.8
dera bugti,pk,29.03,69.15,93.43,22,30,1.39
patea,nz,-39.76,174.48,50,70,0,7
kholodnyy,ru,62.72,147.95,45.55,94,100,4.81
truro,ca,45.37,-63.3,61.77,77,90,5.82
buluang,ph,10.47,123.98,78.8,88,90,8.05
trofors,no,65.54,13.39,62.11,87,20,5.82
muhos,fi,64.81,26,55.36,82,0,8.05
hluti,sz,-27.22,31.62,62.65,82,0,1.28
linfen,cn,36.09,111.52,73.27,67,100,6.55
erenhot,cn,43.65,111.97,63.19,50,0,7.2
wuhu,cn,31.35,118.43,82.4,100,100,4.47
kizilskoye,ru,52.73,58.89,43.39,88,6,9.91
cape coast,gh,5.11,-1.24,75.97,86,24,13.22
dhidhdhoo,mv,6.88,73.1,81.37,78,100,18.1
lewisburg,us,40.96,-76.88,74.82,46,1,4.7
fenoarivo,mg,-18.93,47.44,57.2,87,20,11.41
la asuncion,ve,11.03,-63.86,91.4,43,20,10.78
sun city west,us,33.66,-112.34,100.29,33,20,8.05
dale,no,61.36,5.4,68.7,60,20,4.7
ca mau,vn,9.18,105.15,78.49,87,100,5.01
savonlinna,fi,61.87,28.88,59,67,0,8.05
corner brook,ca,48.95,-57.95,71.49,38,40,5.82
oda,jp,35.19,132.5,75.79,77,79,5.57
la palma,pa,8.4,-78.14,81.01,82,56,9.86
gambo,ca,48.78,-54.21,77,33,20,8.05
algeciras,ph,11.42,120.82,83.17,78,100,16.42
shevchenkove,ua,49.7,37.18,69.8,37,0,8.95
gorlice,pl,49.66,21.16,66.58,82,23,6.91
bonfim,br,-20.33,-44.24,76.12,44,40,9.17
shaikhpura,in,25.14,85.84,82.99,80,8,9.22
guaraniacu,br,-25.1,-52.88,73.4,53,0,10.29
cicero dantas,br,-10.6,-38.38,79.21,51,97,15.9
kenda,in,23.2,86.51,79.75,86,0,7.67
nayoro,jp,44.36,142.46,56.35,90,54,4.12
highland springs,us,37.55,-77.33,74.68,73,90,3.36
vodstroy,ru,48.84,44.56,67.33,45,0,8.95
solnechnyy,ru,50.72,136.64,54.55,94,0,0.74
san fernando,mx,24.85,-98.15,98.65,37,43,14.43
santa maria da vitoria,br,-13.39,-44.19,88.03,24,26,8.68
shaunavon,ca,49.65,-108.41,62.47,39,29,23.62
omuta,jp,33.03,130.45,73.11,94,75,10.29
sesimbra,pt,38.45,-9.1,71.73,61,0,8.05
mantua,cu,22.29,-84.28,87.13,62,16,3.76
yenagoa,ng,4.92,6.26,74.71,92,100,6.15
balkanabat,tm,39.51,54.36,87.85,18,0,13.2
tyumentsevo,ru,53.32,81.5,61.57,57,0,6.98
ewa beach,us,21.32,-158.01,81.79,66,1,8.05
jackson,us,35.61,-88.82,79.74,83,90,3.36
yekaterinoslavka,ru,54.34,72.46,61.39,90,84,15.52
betong,th,5.77,101.07,69.13,95,100,0.78
sombrerete,mx,23.63,-103.64,74.71,35,79,10.02
sao paulo de olivenca,br,-3.38,-68.87,89.47,52,74,3.85
isla vista,us,34.41,-119.86,81.73,64,1,6.93
sarkand,kz,45.41,79.91,68.41,31,0,4.43
gualeguay,ar,-33.15,-59.31,68.95,77,94,7.23
san rafael del sur,ni,11.85,-86.44,89.6,62,40,20.8
nerchinskiy zavod,ru,51.31,119.61,46.99,96,100,3.18
chickasha,us,35.05,-97.94,96.44,39,1,14.99
polson,us,47.69,-114.16,68.11,39,1,4.41
corinto,ni,12.48,-87.17,93.2,49,40,6.93
gejiu,cn,23.36,103.16,63.55,86,100,1.86
cravo norte,co,6.3,-70.2,88.21,64,53,0.34
troitskoye,ru,52.98,84.68,60.13,87,99,3.22
kosa,ru,59.94,54.99,44.11,78,58,3.67
balakhta,ru,55.38,91.62,50.05,85,25,3.51
ridgecrest,us,35.62,-117.67,98.38,16,1,4.05
dagua,co,3.66,-76.69,93.2,28,40,6.93
seybaplaya,mx,19.65,-90.67,91.4,59,40,11.41
rancho palos verdes,us,33.75,-118.37,85.91,54,40,9.17
antofagasta,cl,-23.65,-70.4,63.79,72,0,5.82
college,us,64.86,-147.8,50.99,81,1,3.36
napuro,ph,12.03,124.71,78.13,82,100,6.55
ukiah,us,39.15,-123.21,90.63,24,1,3.36
lac-megantic,ca,45.58,-70.88,73.78,41,20,6.93
bhachau,in,23.3,70.35,82.99,69,100,19.69
phangnga,th,8.45,98.53,78.62,74,40,14.99
beyneu,kz,45.32,55.19,76.33,34,100,10.2
jeremie,ht,18.65,-74.12,84.25,69,2,3.87
ust-kut,ru,56.78,105.75,48.25,97,83,3.69
canguaretama,br,-6.38,-35.14,82.4,58,75,20.8
dong hoi,vn,17.48,106.6,79.03,78,100,6.4
seydi,tm,39.48,62.91,80.65,12,0,13.02
mizan teferi,et,6.99,35.58,62.65,94,97,3.31
wajir,ke,1.75,40.07,86,40,0,17.72
mudon,mm,16.26,97.73,78.67,87,100,10
ormara,pk,25.21,64.64,80.11,79,61,9.6
linares,cl,-35.85,-71.6,52.39,94,100,3.67
diffa,ne,13.32,12.61,88.75,44,43,1.12
kawalu,id,-7.38,108.21,66.79,95,97,2.1
melfi,td,11.06,17.94,75.07,86,82,2.89
fuling,cn,29.71,107.39,82.99,64,94,4.03
kattivakkam,in,13.22,80.32,85.32,79,40,6.93
tayu,id,-6.54,111.05,74.89,75,82,7.61
lima,pe,-12.06,-77.04,62.6,77,90,8.05
karoi,zw,-16.82,29.68,66.79,38,58,2.3
usogorsk,ru,63.43,48.71,48.43,99,100,5.64
pokrovka,ru,43.95,131.63,61.03,97,76,3.4
wuzhou,cn,23.48,111.3,72.37,98,99,3.09
targu ocna,ro,46.28,26.62,71.85,68,0,2.24
panzhihua,cn,26.59,101.72,66.79,83,22,1.63
shitanjing,cn,39.23,106.34,73.81,48,6,8.41
salta,ar,-24.79,-65.41,85.37,30,0,12.75
panaba,mx,21.28,-88.27,94.15,45,3,8.28
halifax,ca,44.65,-63.58,60.15,82,90,9.17
wicklow,ie,53,-6.42,63.57,72,20,5.82
shagonar,ru,51.54,92.92,54.01,67,4,2.26
tucumcari,us,35.17,-103.73,96.44,17,1,19.46
zheleznodorozhnyy,ru,55.75,38,63.64,63,0,4.47
tebingtinggi,id,3.33,99.16,75.43,94,100,3.04
khasan,ru,42.43,130.64,64.63,99,98,0.63
umiray,ph,15.22,121.41,76.33,92,100,0.76
tres passos,br,-27.46,-53.93,70.75,63,80,2.91
lai,td,9.4,16.3,72.73,92,89,0.81
pirgos,gr,35.12,25.72,77.9,74,0,4.7
kaga,jp,36.3,136.31,65.44,88,75,2.24
wrexham,gb,53.05,-2.99,66.7,77,20,8.05
dzaoudzi,yt,-12.79,45.27,75.2,83,0,3.36
chake chake,tz,-5.25,39.77,77.41,81,25,14.23
mzimba,mw,-11.9,33.6,61.75,65,0,6.73
ginir,et,7.14,40.71,61.93,73,3,6.91
valle de allende,mx,26.94,-105.39,86.05,33,9,9.6
jining,cn,35.41,116.58,73.27,93,100,3.13
rindal,no,63.05,9.21,63.01,68,41,2.04
changli,cn,30.54,105.42,81.01,44,88,16.96
tingi,tz,-11.3,35.03,71.47,54,27,7.02
kaspiysk,ru,42.88,47.64,69.17,73,20,6.71
lobito,ao,-12.35,13.55,66.97,87,0,4.32
swellendam,za,-34.02,20.44,55.4,66,7,10.29
zwedru,lr,6.07,-8.13,72.73,95,92,5.06
new london,us,43.41,-71.99,73.85,33,1,7.18
tomatlan,mx,19.93,-105.25,84.07,77,83,7.72
dangriga,bz,16.97,-88.23,92.35,70,40,8.05
puerto baquerizo moreno,ec,-0.9,-89.6,75.2,73,90,11.41
khorixas,na,-20.37,14.96,67.33,22,0,9.06
kaduqli,sd,11.01,29.72,70.03,95,100,6.82
novocheboksarsk,ru,56.11,47.49,53.6,81,20,8.95
glace bay,ca,46.2,-59.96,63.93,63,90,10.29
desbiens,ca,48.42,-71.95,77.85,46,20,5.82
bontang,id,0.12,117.47,74.17,97,61,2.15
gunzburg,de,48.45,10.27,69.08,88,0,2.24
manadhoo,mv,5.77,73.38,81.91,75,97,9.93
toamasina,mg,-18.17,49.38,69.8,88,75,4.7
bolitoc,ph,15.74,119.88,83.35,79,54,11.07
dryden,ca,49.79,-92.84,62.6,93,90,9.31
inverness,ca,46.26,-71.52,77.29,50,75,4.7
xuchang,cn,34.03,113.82,78.8,78,40,4.47
mendi,et,9.8,35.1,64.81,92,100,2.53
saint-leu,re,-21.15,55.28,65.35,60,75,11.41
marietta,us,33.95,-84.55,76.08,69,90,9.17
tambacounda,sn,13.77,-13.67,84.2,83,40,9.17
panjab,af,34.38,67.02,44.29,52,57,6.35
bismarck,us,46.81,-100.78,70.5,49,40,17.22
areosa,pt,41.72,-8.86,70.36,93,20,4.7
bejar,es,40.39,-5.76,65.23,77,48,4.7
nagato,jp,34.35,131.14,74.61,88,75,3.36
juegang,cn,32.31,121.18,85.78,52,100,2.82
saint john,ca,45.28,-66.06,65.55,68,75,2.24
butterworth,za,-32.33,28.14,57.07,86,72,4.38
birjand,ir,32.86,59.22,68,16,0,9.17
abadan,ir,30.36,48.26,93.2,56,0,4.7
madang,pg,-5.21,145.81,67.87,95,100,1.05
kaseda,jp,31.42,130.32,80.47,85,100,7.47
merauke,id,-8.49,140.4,75.43,84,73,19.75
kalach-na-donu,ru,48.69,43.52,67.86,45,0,8.95
siocon,ph,11.03,124.04,76.33,92,100,15.23
vysokogornyy,ru,50.1,139.13,52.21,97,99,1.83
torbat-e jam,ir,35.24,60.63,66.97,14,0,11.83
kousseri,cm,12.08,15.03,77,94,40,4.7
east islip,us,40.73,-73.19,71.82,64,90,10.29
grafton,au,-29.69,152.93,54.05,100,14,4.7
camopi,gf,3.17,-52.33,93.25,35,44,5.32
doka,sd,13.52,35.76,77.05,78,51,6.2
dandong,cn,40.12,124.37,66.97,87,100,8.19
narbonne,fr,43.18,3,76.55,78,0,4.7
awang,ph,10.66,122.16,76.15,91,100,9.51
chifeng,cn,42.27,118.96,57.07,73,5,6.31
simpang,id,4.36,96.17,72.37,96,85,2.68
marshfield,us,42.09,-70.71,71.1,64,1,9.17
bichena,et,10.45,38.2,52.75,87,71,4.27
la rioja,ar,-29.41,-66.86,71.11,36,29,7.7
nipawin,ca,53.36,-104.02,66.2,72,20,11.41
semey,kz,50.41,80.25,71.29,44,0,8.08
paranaiba,br,-19.68,-51.19,91.99,18,17,6.98
carthage,us,32.16,-94.34,93.85,56,40,12.75
callaway,us,46.98,-95.91,66.24,77,75,9.17
kahama,tz,-3.83,32.6,74.35,35,32,5.75
mariental,na,-24.63,17.97,71.6,7,0,4.7
urdoma,ru,61.74,48.55,49.87,98,100,6.89
orlik,ru,52.51,99.83,37.81,86,1,2.62
jerez,mx,22.65,-102.99,71.6,60,75,2.24
thai binh,vn,20.45,106.33,82.4,100,20,2.24
arona,es,28.1,-16.68,73.35,73,20,24.16
veraval,in,20.9,70.37,83.53,72,100,12.15
storm lake,us,42.64,-95.21,69.37,94,98,9.17
coos bay,us,43.37,-124.22,73.98,63,1,21.92
newport,us,41.49,-71.31,71.47,49,75,9.17
adilcevaz,tr,38.8,42.73,73.4,31,0,2.24
karacabey,tr,40.21,28.36,78.94,78,0,26.4
ewo,cg,-0.88,14.81,82.45,55,87,2.95
kultuk,ru,51.73,103.71,47.17,94,41,3.31
aketi,cd,2.74,23.78,70.57,94,12,0.47
oranjestad,aw,12.52,-70.03,89.6,62,40,23.04
cajamarca,pe,-7.16,-78.52,68,37,40,14.99
chingirlau,kz,51.09,54.08,57.97,57,21,7.45
andros town,bs,24.73,-77.79,82.98,70,75,3.36
yueyang,cn,29.36,113.12,79.93,83,100,1.32
canutama,br,-6.53,-64.38,93.97,38,74,3.62
bosobolo,cd,4.19,19.88,72.37,90,16,2.59
karakol,kg,42.49,78.39,59.95,51,0,2.89
awbari,ly,26.59,12.77,88.39,24,18,8.99
kosonsoy,uz,41.25,71.55,75.2,44,19,6.93
aripuana,br,-9.17,-60.63,85.51,55,100,1.28
juan aldama,mx,24.94,-107.82,91.2,59,75,6.93
deep river,ca,46.1,-77.49,79.3,47,1,8.03
kaabong,ug,3.51,34.14,65.17,84,50,2.35
toowoomba,au,-27.56,151.95,54.1,76,90,10.29
palu,id,-0.9,119.87,73.27,88,100,3.33
cunha,br,-23.08,-44.96,76.14,50,0,8.05
rovaniemi,fi,66.5,25.72,57.2,76,0,2.24
copparo,it,44.89,11.82,79,57,0,2.24
inzer,ru,54.22,57.56,41.59,92,84,2.77
kholmy,ua,51.87,32.6,61.57,68,0,4.65
phatthalung,th,7.62,100.08,78.8,94,20,4.21
victor harbor,au,-35.55,138.62,42.01,93,20,4.7
luziania,br,-16.25,-47.95,81.05,30,40,12.75
banfora,bf,10.64,-4.75,78.85,81,35,2.53
asekeyevo,ru,53.57,52.8,51.13,84,71,5.73
pakhtakoron,tj,40.16,68.75,74.89,18,0,4.16
sucua,ec,-2.46,-78.17,69.8,94,90,11.41
kenitra,ma,34.26,-6.57,70.54,68,20,6.93
hopelchen,mx,19.77,-89.85,91.4,59,40,11.41
milas,tr,37.31,27.78,80.69,69,0,2.01
vawkavysk,by,53.15,24.45,67.33,74,0,5.77
moranbah,au,-22,148.04,56.71,69,0,6.62
metro,id,-5.11,105.31,74.17,85,74,8.23
mount vernon,us,38.73,-77.1,73.33,64,90,4.7
santa cecilia,br,-10.02,-67.72,84.2,66,75,5.82
north myrtle beach,us,33.83,-78.68,84.85,51,1,9.24
formosa,br,-15.55,-47.33,82.45,28,36,9.69
zhaozhou,cn,45.71,125.27,60.13,95,100,9.24
wodonga,au,-36.12,146.89,35.46,93,6,1.12
resistencia,ar,-27.45,-58.99,75.2,73,0,12.75
wattegama,lk,7.35,80.68,73.99,79,81,4.81
chunar,in,25.13,82.88,86,79,40,4.7
ngunguru,nz,-35.62,174.5,45,92,2,1.01
sinjai,id,-5.12,120.25,62.47,74,59,3.42
ambo,pe,-10.13,-76.2,77,38,20,19.46
santa maria del oro,mx,25.95,-105.37,82.81,32,36,4.09
chamba,in,32.56,76.12,69.85,75,1,5.17
porbandar,in,21.64,69.61,82.99,72,100,12.12
collierville,us,35.04,-89.66,84.51,65,75,4.7
boa vista,br,2.82,-60.67,89.6,49,40,4.7
soverato,it,38.69,16.55,80.6,78,0,3.36
cabadiangan,ph,10.45,123.98,78.8,88,90,8.05
gasa,bt,27.91,89.73,37.81,90,53,3.15
badlan,ph,11.14,122.52,73.45,96,100,1.3
launceston,au,-41.43,147.14,44.91,100,21,11.41
gravdal,no,59.79,5.78,68.59,64,0,13.87
mackay,au,-21.15,149.2,55.35,87,8,4.7
axim,gh,4.87,-2.24,75.97,87,32,10.27
umba,ru,66.69,34.34,49.69,82,17,10.89
barranca,pe,-10.75,-77.76,58.69,88,40,11.43
ploemeur,fr,47.73,-3.43,72.46,69,0,11.41
sujiatun,cn,45.81,127.11,66.2,93,75,11.18
mindupok,ph,6.09,124.42,82.63,71,100,4.5
beruwala,lk,6.48,79.98,81.73,83,100,11.81
mongo,td,12.18,18.69,75.97,81,28,5.19
madera,mx,29.2,-108.14,83.35,36,59,3.42
acajutla,sv,13.59,-89.83,84.25,65,0,4.79
anito,ph,12.45,125.29,73.63,97,100,9.71
zhicheng,cn,35.04,112.59,74.89,67,100,8.19
xingyi,cn,24.19,102.82,61.39,90,36,1.48
saran,fr,47.95,1.88,81.5,32,0,4.7
aleksandrovka,ru,51.63,41.9,59.41,62,0,3.49
fez,ma,34.03,-5.02,74.23,60,75,9.17
galesong,id,-5.32,119.37,77,57,20,4.7
wamba,cd,2.14,27.99,68.41,97,87,1.45
lyubar,ua,49.92,27.76,66.61,73,0,6.73
temuco,cl,-38.74,-72.59,52.52,93,75,4.7
ouro preto do oeste,br,-10.75,-62.22,98.83,28,29,2.24
felipe carrillo puerto,mx,19.58,-88.05,96.67,42,27,7.09
skoghall,se,59.32,13.47,64.02,87,69,5.82
jeremoabo,br,-10.08,-38.34,79.39,53,74,16.67
fereydunshahr,ir,32.94,50.12,59.95,21,93,6.02
kaupanger,no,61.18,7.24,60.93,72,0,8.05
quthing,ls,-30.4,27.7,51.13,21,0,3.38
fairview,ca,56.07,-118.38,61.7,48,40,17.22
turinskaya sloboda,ru,57.62,64.39,46.27,95,100,13.42
manoharpur,in,22.35,85.21,74.17,96,85,3.85
macenta,gn,8.55,-9.47,68.77,96,100,3.42
fomboni,km,-12.28,43.74,76.33,75,1,8.7
orange,au,-33.28,149.1,41,83,39,3
bongor,td,10.28,15.37,76.33,78,100,3.36
batemans bay,au,-35.71,150.18,39.63,90,0,4
wiarton,ca,44.74,-81.13,76.53,50,75,10.29
autun,fr,46.95,4.3,79.09,39,0,5.82
isiro,cd,2.77,27.62,68.41,97,78,1.97
carutapera,br,-1.2,-46.02,84.97,63,51,12.66
novopokrovka,ua,49.84,36.56,69.8,37,0,8.95
jiehu,cn,35.54,118.45,68.59,96,100,2.98
nauta,pe,-4.51,-73.58,91.27,47,33,2.46
adiake,ci,5.29,-3.3,77,94,20,8.05
cortez,us,37.35,-108.58,88.25,15,1,12.75
dukat,ru,62.55,155.55,44.83,92,100,3.62
verkhoyansk,ru,67.55,133.39,46.27,87,7,2.73
boshnyakovo,ru,49.65,142.17,59.05,80,19,16.62
viransehir,tr,37.24,39.76,81.73,15,0,8.72
rexburg,us,43.82,-111.79,68.11,24,1,4.7
monopoli,it,40.95,17.3,79.39,78,0,4.7
englewood,us,39.65,-104.99,73.4,38,20,9.17
saryg-sep,ru,51.49,95.55,47.71,76,0,3.33
maneromango,tz,-7.2,38.78,73.4,94,20,4.7
moville,ie,55.18,-7.05,64.4,77,90,8.05
riachao,br,-7.36,-46.62,99.37,17,12,9.53
bako,et,5.83,36.63,65.53,80,69,5.46
arcata,us,40.87,-124.08,73.6,60,1,5.82
big bend,sz,-26.79,31.94,63.37,65,0,0.72
santa maria do suacui,br,-18.19,-42.41,72.37,58,67,7.18
aktash,ru,50.31,87.6,42.67,73,13,1.88
suoyarvi,ru,62.08,32.35,55.45,74,4,8.63
la sarre,ca,48.8,-79.2,74.89,50,13,10.02
tome,cl,-36.62,-72.95,57.2,82,40,4.7
takestan,ir,36.07,49.69,73.4,53,0,2.24
gboko,ng,7.32,9,76.69,85,8,6.06
herat,af,34.35,62.22,77,16,0,6.93
saraza,ph,8.74,117.78,81.91,82,98,9.42
balangir,in,20.7,83.49,73.45,92,53,5.79
totma,ru,59.98,42.76,55.45,93,100,10.31
hernani,es,43.27,-1.98,74.32,88,40,8.05
melito di porto salvo,it,37.92,15.77,80.33,74,0,10.29
velsk,ru,61.07,42.1,52.39,95,85,7.52
millinocket,us,45.66,-68.71,71.28,56,1,4.7
saquena,pe,-4.67,-73.52,91.27,47,33,2.46
bahia honda,cu,22.9,-83.16,85.33,69,36,6.08
traverse city,us,44.76,-85.62,74.68,56,90,3.36
ios,gr,36.73,25.28,80.1,65,0,6.93
abyek,ir,36.04,50.53,75.72,53,0,2.24
antalaha,mg,-14.9,50.28,61.03,97,50,2.68
klaebu,no,63.3,10.48,64.62,72,0,6.93
vershino-darasunskiy,ru,52.35,115.52,50.59,96,100,11.61
emerald,au,-23.53,148.16,53.83,76,92,8.05
rock hill,us,34.92,-81.03,78.67,50,75,4.7
lodja,cd,-3.52,23.6,77.05,58,81,1.39
acari,pe,-15.44,-74.62,57.97,79,100,13.31
manakara,mg,-22.14,48.01,63.55,87,5,4.9
beysehir,tr,37.68,31.72,70.75,42,2,6.4
shu,kz,43.6,73.76,76.51,26,0,5.19
nha trang,vn,12.24,109.19,84.2,74,20,2.24
santo tomas,pe,-3.8,-73.34,87.8,66,40,3.36
ketou,bj,7.36,2.6,76.51,90,91,5.35
joetsu,jp,37.15,138.24,68,100,50,12.82
durango,us,37.28,-107.88,89.65,11,1,21.92
tiverton,gb,50.9,-3.49,66.85,82,20,5.82
san alberto,py,-24.98,-54.91,71.6,53,75,9.17
marrakesh,ma,31.63,-7.99,86,28,40,8.05
spartanburg,us,34.95,-81.93,76.69,57,90,4.7
manoel urbano,br,-8.84,-69.26,95.23,36,42,1.43
nguru,ng,12.88,10.45,84.79,58,95,1.1
lerwick,gb,60.15,-1.15,56.3,93,75,2.24
tornio,fi,61.12,27.27,62.6,82,75,2.24
cotonou,bj,6.37,2.43,78.8,88,40,13.87
edenderry,ie,53.34,-7.05,62.71,72,20,5.82
wuchang,cn,44.93,127.16,63.91,95,100,9.31
cerrito,py,-25.87,-56.87,75.25,62,100,5.59
nador,ma,35.17,-2.93,77.88,78,20,3.36
tutoia,br,-2.76,-42.27,86,62,0,18.34
sharan,af,33.15,68.78,70.75,11,1,7.29
tezu,in,27.93,96.16,79.03,71,35,2.95
abhaynagar,bd,23.01,89.4,79.57,90,81,6.4
verkh-usugli,ru,52.7,115.17,51.85,98,100,8.97
pisz,pl,53.63,21.81,68,64,0,3.36
santa catarina de tepehuanes,mx,25.34,-105.72,75.43,35,25,8.79
the pas,ca,53.82,-101.24,62.6,77,90,6.93
fort-shevchenko,kz,44.51,50.26,75.25,66,44,16.15
dolinsk,ru,47.32,142.8,42.8,100,40,3.96
almeirim,br,-1.53,-52.58,94.33,35,25,8.28
kulunda,ru,52.57,78.94,71.47,44,15,14.81
konstantinovo,ru,55.49,37.98,63.66,67,0,6.71
moncton,ca,46.1,-64.8,65.3,63,90,5.82
chapayevka,ua,47.47,36.35,73.09,46,0,10.4
santa maria,cv,16.6,-22.9,84.97,62,40,9.17
hualahuises,mx,24.88,-99.67,82.99,48,1,5.46
craigieburn,au,-37.6,144.94,40.3,100,0,5.82
washington,us,38.9,-77.04,73.24,64,90,8.05
itapecerica,br,-20.47,-45.13,79.03,33,5,6.17
bullhead city,us,35.15,-114.57,100.6,24,40,9.17
cobadin,ro,44.06,28.23,74.48,78,5,4.7
tuy hoa,vn,13.08,109.3,76.33,82,80,6.98
belle fourche,us,44.67,-103.85,63.14,52,20,17.22
senanga,zm,-16.1,23.3,71.83,25,65,3.65
terrace bay,ca,48.78,-87.1,71.6,60,75,12.75
mangai,cd,-4.07,19.59,78.31,62,54,1.9
san jose,gt,16.98,-89.9,96.85,39,3,5.61
abay,kz,49.63,72.87,64.4,48,0,8.95
solnechnogorsk,ru,56.19,36.98,64.54,72,0,11.18
neyshabur,ir,36.21,58.79,58.69,20,0,4.27
linxia,cn,35.6,103.21,52.21,59,41,3.6
moussoro,td,13.64,16.49,83.53,57,91,4.38
yuzhno-kurilsk,ru,44.03,145.86,58.51,86,5,5.21
mglin,ru,53.06,32.85,60.67,71,0,0.51
cienfuegos,cu,22.15,-80.44,89.6,59,75,5.82
aviles,es,43.55,-5.92,68.88,94,75,3.36
avaton,gr,40.97,24.8,85.15,61,20,4.7
mena,ua,51.52,32.22,62.47,63,0,3.4
killorglin,ie,52.1,-9.78,60.8,87,40,4.7
yermish,ru,54.77,42.27,56.35,83,67,5.84
new port richey,us,28.24,-82.72,89.92,74,75,5.82
severnoye,ru,54.09,52.54,49.51,88,70,4.21
bhind,in,26.57,78.79,85.33,68,21,6.08
chamlykskaya,ru,44.72,40.87,75.25,46,0,10.63
tsalka,ge,41.6,44.09,56.53,58,51,1.97
luwuk,id,-0.95,122.79,59.23,97,78,4.94
san juan bautista,pe,-14.01,-75.74,66.6,30,90,8.05
marabba,sd,12.35,32.18,79.57,68,36,19.75
ubeda,es,43.34,-7.38,65.8,1,100,4.05
georgiyevka,kz,43.04,74.71,71.6,43,0,6.71
hengshui,cn,37.73,115.7,69.13,88,68,3
gweta,bw,-20.21,25.26,72.55,16,0,9.42
chumikan,ru,54.72,135.31,50.77,86,97,8.7
caninde de sao francisco,br,-9.66,-37.79,83.89,46,25,13.29
kundiawa,pg,-6.02,144.97,49.33,97,100,3.8
kabinda,cd,-6.14,24.49,78.49,56,78,2.21
novikovo,ru,51.15,37.89,59.77,64,0,2.8
kuznechnoye,ru,61.12,29.87,62.02,61,100,5.97
remontnoye,ru,46.56,43.66,72.82,35,5,11.18
shasta lake,us,40.68,-122.36,92.89,19,1,9.17
tabou,ci,4.42,-7.36,76.15,80,40,7.61
aswan,eg,24.09,32.9,95,20,0,9.17
asosa,et,10.07,34.53,65.71,96,83,2.89
superior,us,47.19,-114.89,68.88,47,1,8.05
wanxian,cn,30.8,108.39,79.57,70,99,4.38
sena madureira,br,-9.07,-68.66,94.87,35,54,0.27
slonim,by,53.09,25.32,65.53,80,0,2.93
ludhiana,in,30.91,75.85,80.83,69,16,4.61
pionerskiy,ru,61.2,62.86,40.51,92,68,5.35
huainan,cn,32.59,117.01,78.85,92,64,3.33
shurugwi,zw,-19.67,30,65.17,23,0,2.15
senneterre,ca,48.39,-77.24,77,38,40,13.87
sadat,in,25.68,83.28,86,79,40,4.7
dwarka,in,28.58,77.04,89.49,79,40,4.7
inuvik,ca,68.36,-133.71,51.8,76,75,6.93
bihoro,jp,43.75,144.14,55,83,2,5.01
zaranj,af,30.95,61.86,86,17,0,18.34
